# x (m); y (m); l (m); vx (m/s); vy (m/s); vz (m/s); E
-4.580604433266386799e-04;3.172700161256237074e-04;9.724923608353565341e-03;1.060276807755653408e+03;6.131359546625636767e+02;5.082146947197212139e+05;5.219997245350743469e+04
-1.728896279813448185e-03;6.103120482678005710e-04;5.117254127444336581e-02;6.694553358012565241e+02;7.242303556818764143e+00;5.116800876229213318e+05;5.291406071054199128e+04
-2.254427864233089860e-03;3.054726908306801963e-03;-4.971939939048767437e-02;2.466878331155614887e+03;-6.989404089034580466e+03;5.028905386923744227e+05;5.112279343645434710e+04
1.859830251657251278e-03;-3.465654223043239997e-03;7.391088481312967085e-02;-1.350841494369189149e+03;4.532963266894621484e+03;5.134092715015328140e+05;5.327673345102399617e+04
-8.371294339273510155e-04;9.437638931763488778e-04;9.347418347162995966e-02;1.037959835208408776e+03;-7.292654130327591702e+02;5.157025240649444168e+05;5.374950348209017102e+04
2.584487246647745201e-04;1.860968367833999758e-03;9.001601663766260752e-02;1.694703914541882455e+02;-2.375853854922795563e+03;5.150157905809659278e+05;5.360727037031512737e+04
1.957568001370884117e-03;7.636071396437215221e-04;-1.108040094073318299e-01;-1.952986053986956449e+03;-4.006581958475711417e+03;4.976793512172298506e+05;5.006190741901841830e+04
1.717536195788476770e-03;8.040512692985500023e-04;-7.972928148661402592e-02;-1.168814996472832036e+03;-3.737248438498284941e+03;5.001197763241168577e+05;5.055312349937680119e+04
-2.917620817053532471e-04;-1.934905882522400429e-04;-4.642063989646717792e-02;5.675024287782487420e+01;-1.195650215673279178e+02;5.037974001328143640e+05;5.129619939258359227e+04
2.026335409413940452e-03;-1.234986837316807669e-03;9.349498058549169451e-05;-2.127735216325806960e+03;7.366320741135762091e+02;5.073351019324336667e+05;5.202016108067820460e+04
-1.930859829412896809e-04;-3.875413986245180870e-03;1.666412343517051711e-02;-2.430894399626070523e+01;6.815168447421048768e+03;5.086534794913089136e+05;5.229923208529807744e+04
-2.994482104904364842e-03;4.110140830140665059e-04;-2.450141872997065040e-02;3.604363965557225583e+03;-1.148027926061365207e+02;5.053726756832333049e+05;5.162011191123726894e+04
6.409727962483979281e-03;-8.261563518238143134e-05;5.157350000915240235e-02;-7.604982210046875480e+03;-7.670588999048472942e+02;5.113898797143441625e+05;5.286577276827199967e+04
2.275299598373017580e-04;5.499811724750896082e-04;-3.675674393003524557e-03;-5.360096674321889623e+02;2.874859300349255022e+02;5.069689867854493205e+05;5.194415974221394572e+04
-4.627811498766302577e-04;-3.036121278333315187e-04;-8.585375840482326049e-02;5.969317839812880493e+02;1.824242238746974408e+03;4.998387386318818317e+05;5.049397292820860457e+04
-6.606220570632754044e-03;2.941847867668183217e-04;3.466555137246725427e-02;5.494242625256069914e+03;-1.647663009304284742e+03;5.103488449198312592e+05;5.264564428400502948e+04
2.317823656783279777e-03;-3.171904987030970974e-03;-6.831029104438894606e-02;-6.582973237524840897e+02;5.271276549636681011e+03;5.012785935391231906e+05;5.079025614860884525e+04
-1.397622098142705825e-03;-1.712884565183359553e-04;1.777679163907206969e-02;1.840672795097639664e+03;1.333737183110336446e+03;5.089302230007185135e+05;5.234780346113664564e+04
4.179957877052987731e-04;-3.105229436196438059e-03;1.930152544293790851e-02;-1.649270626293164014e+03;3.658771705066285904e+03;5.085403049895149888e+05;5.226983398213289911e+04
-4.006588121536586405e-04;4.148891212377046542e-04;-8.059994609339649063e-02;4.578809092838856145e+02;-1.351175910590804961e+03;4.998947398390362505e+05;5.050495469896014401e+04
3.007965650194067888e-03;-1.292421753562525292e-03;1.782262530981126511e-02;-3.395824444943767958e+03;-1.098853377539142912e+03;5.087265971379607799e+05;5.230745373223182833e+04
-3.825337427353526099e-04;-1.950489722342687530e-03;1.791982969337087631e-02;-3.505964212532132365e+02;-5.944103403947436846e+02;5.087531551052576979e+05;5.231043664153570717e+04
3.336572128222416080e-04;-4.792757527231084340e-05;8.320900449143051048e-02;-2.496085591657926557e+02;8.397228018630967199e+02;5.145671389446084504e+05;5.351292250045138644e+04
-4.123589105192375739e-04;-1.765070577422398618e-03;-3.469594410041898763e-03;1.045877743464691889e+01;1.453700651800250853e+03;5.069506480570315616e+05;5.194075418178536347e+04
-1.108648794556891691e-03;-2.053848623175463968e-03;-6.548079042913887426e-02;1.712560843373927582e+03;2.426098794645599810e+03;5.017123674359218567e+05;5.087426449192596920e+04
-1.402399339760837657e-03;1.136922796832220278e-03;-8.141148827914225505e-02;7.093234319415162190e+02;-3.386760478207808319e+03;5.004541570971570327e+05;5.062006268887394981e+04
-2.354734276867955899e-03;1.405301457972902299e-03;-2.811933844230709093e-02;1.856690630691563001e+03;-2.277482485480003106e+03;5.044652733818232082e+05;5.143403550781331433e+04
-3.119482615808934472e-03;-2.758812612519387451e-03;-1.426010213301550852e-02;2.159744456162198730e+03;1.971686727082063044e+03;5.059947332270083716e+05;5.174636099676165759e+04
-2.568163770116068615e-03;1.474374046696297954e-03;-5.593784831133496310e-03;2.431582591092612802e+03;-1.383688552073867413e+03;5.066296632481511333e+05;5.187615590736814920e+04
3.296020071064006008e-03;7.028453900643778351e-05;5.076388522065441999e-02;-3.411823447814723295e+03;5.857053758582451337e+02;5.118088985136278789e+05;5.294303663765909005e+04
1.738679012964616184e-05;2.948255454436939354e-03;-5.880147662041809720e-02;1.876912738861155105e+02;-3.909482009272559480e+03;5.018429444733387791e+05;5.090206212512454658e+04
2.060644489658474722e-03;2.493198361129965630e-03;-3.355906501522511187e-02;-2.786569130215061250e+03;-4.178969182122191341e+03;5.042489362620605971e+05;5.139328587201633491e+04
-8.462652716046427642e-04;-6.770338711483830929e-04;2.113045069045216273e-02;4.560285085493941324e+02;3.875447092342459200e+03;5.092119384439416463e+05;5.240780518831083464e+04
-1.887901375010177468e-04;-1.273836915035915669e-04;1.526672877325663908e-03;7.544793301105817136e+02;1.468951380764471651e+03;5.072660799169231323e+05;5.200553433327213133e+04
4.765269687236649461e-03;5.601187659901304483e-04;-4.410542889791797469e-03;-4.346280661705029161e+03;-1.679780152530108126e+03;5.064369440150476294e+05;5.183950391751780990e+04
-3.606537878384042523e-03;-1.754163203617585673e-03;3.365247313546085306e-02;3.233165370628396886e+03;3.165769040185301947e+03;5.100687872210235801e+05;5.258537671704861714e+04
2.730981629191942418e-03;-8.343422397329339863e-04;8.130784650993384821e-02;-2.064566117540488449e+03;-4.966809128724850098e+02;5.143286234679435729e+05;5.346408103936076805e+04
-1.546551994801153847e-04;2.434873140146752869e-04;-1.704065936394191447e-02;8.223840324131897432e+02;4.712355707128571680e+02;5.056326755908613559e+05;5.167079032527645177e+04
4.900890416008886306e-05;8.234310711725183023e-04;8.813314370500268530e-03;-1.169412030968600220e+03;-2.194608951138331122e+03;5.081438773535034852e+05;5.218637249542039353e+04
3.192544892273445247e-05;-2.242705824974489549e-03;-6.352243849988946367e-02;-3.634421486458575714e+02;4.224702562955071699e+03;5.014938904357021092e+05;5.083181955145300890e+04
-2.047214016291319313e-03;-3.933746332828642910e-04;-2.118749950444728802e-02;2.092382757182070236e+03;-8.925462203402056502e+02;5.055957765888996655e+05;5.166411344099994312e+04
3.819273767266551274e-03;7.482606763804821627e-04;1.228232199166553584e-03;-4.546420910478142105e+03;-1.693744607522817887e+03;5.071724376926888945e+05;5.199054178357468481e+04
-2.049910960851001468e-03;-2.498907513519560940e-03;4.484657739689702077e-02;2.488054582324270996e+03;3.649244307390151789e+03;5.110614188650142751e+05;5.279003417695497046e+04
1.788711723290397747e-03;-3.368473292954164700e-03;6.016115101728249787e-02;-1.725911287364481268e+03;4.785787638364277882e+03;5.128467477602509898e+05;5.316076996226041956e+04
-9.558076960420452137e-04;1.149982664713405543e-03;3.326825366063655004e-02;1.273338849933308211e+03;-8.797221328459347660e+02;5.102134192965757684e+05;5.261154613505742600e+04
-2.290417176650489262e-03;-2.430432988857784287e-04;-1.128389524619495370e-02;2.374666394552516522e+03;-7.319306533052505301e+02;5.063789033883653465e+05;5.182448329607883352e+04
1.050522199925107769e-04;5.241035758008894376e-04;2.293720171946702149e-02;-2.969639170390991012e+02;-3.091601047976931227e+02;5.089800571665759198e+05;5.235704838083327923e+04
-4.341692137957863309e-03;2.394675788554255069e-03;-9.704491054633558600e-02;2.398036230544983482e+03;-4.566047120899504080e+03;4.986523832291371655e+05;5.025919964600945968e+04
4.079105458003090719e-04;-1.293985478739268055e-04;-6.974838979138783639e-03;-3.637238138493697761e+02;-3.360531127832272205e+02;5.066725446902245167e+05;5.188340533077120926e+04
4.189270424821753443e-03;-1.517110438447262337e-03;-7.487411470587797269e-02;-3.696856522027640040e+03;1.895861590477853952e+03;5.008004049116905662e+05;5.069119696393649792e+04
2.353222481580341443e-03;5.745103481159108535e-04;-6.970086192118217505e-02;-1.573740628201863728e+03;-9.658241980572390730e+02;5.012825759290803690e+05;5.078604883445477753e+04
7.645612444460552761e-04;-1.254799140786086366e-03;-9.169556752780980494e-03;-2.229261217119150444e+02;1.936031131236490864e+03;5.064882213217262179e+05;5.184638071733492689e+04
-3.169777925458349636e-03;-2.936337154901390127e-03;4.438363901309561738e-02;3.335770823536495755e+03;4.015107372624871005e+03;5.106882470669942559e+05;5.271453908989002230e+04
1.511585801937881087e-03;-2.554703690505968992e-03;1.433721259697972282e-02;-2.592263022141774400e+03;3.380536513476796245e+03;5.082587187110391678e+05;5.221238097690253198e+04
-4.969160766838238985e-03;5.094196613425475617e-04;-1.536180065042406229e-01;4.533862208035444382e+03;-3.904898235740537302e+02;4.939467693612145958e+05;4.931402751959940360e+04
2.013564467698053268e-03;-2.433116312696642809e-03;-6.925359584091059229e-02;-1.789428715712807616e+03;5.556076489406927976e+03;5.010112724510853295e+05;5.073728874719818123e+04
1.061605882369556515e-03;1.553638951309718698e-03;-1.215444612008347164e-01;-3.601720620806892725e+02;-9.361275164535716158e+02;4.961618554427315830e+05;4.975329359619285242e+04
-8.632527694114610652e-05;-2.545869578953483870e-04;7.163332227832849841e-02;9.384779181978981910e+01;-6.656745506220171364e+02;5.133034844625233673e+05;5.325035220516114350e+04
2.287321955493749372e-03;-6.048077741933275677e-04;5.658486768723167137e-02;-1.844484304307244656e+03;1.229521922838909177e+03;5.121814191154417931e+05;5.301870162090296799e+04
3.301001078762451010e-03;-1.831121949826437561e-03;-1.203543297126971959e-02;-2.641648346247367044e+03;2.506510909591461768e+03;5.065629691454677377e+05;5.186359715867514024e+04
-5.201416595300203602e-03;-1.113426867665174398e-04;-5.943212789766108561e-02;3.771106570442500015e+03;1.082434140396701423e+03;5.022586905521458248e+05;5.098644527753417788e+04
7.273895214562962723e-03;-4.384230505876734953e-04;-2.482810477183444026e-02;-6.443647588763200474e+03;7.422019473767986710e+02;5.049977408554823487e+05;5.154942503974542342e+04
-7.739494530733898210e-03;1.704147693574974837e-03;4.090764719171784830e-02;6.667990880929218292e+03;-1.795089464159588942e+03;5.104527892768519814e+05;5.267007645041067008e+04
3.859458521899187134e-03;1.548244435847118431e-04;5.148298315550507709e-02;-3.264047808331750730e+03;4.248080615757191367e+02;5.116315033432923374e+05;5.290611186623848334e+04
2.036921314080053329e-03;5.359852950725296685e-04;-4.483648815673239862e-02;-2.305998767705715181e+03;-9.349471985409302306e+02;5.029620938803895842e+05;5.112748798644824274e+04
1.301714720068629979e-03;1.619077658368857928e-03;8.073071003928579403e-02;-8.509972491154899217e+02;-2.821818172105452504e+03;5.142791149074047571e+05;5.345463328610616736e+04
1.304483125387016686e-03;-1.080994080839119739e-03;6.191790179103856540e-02;-1.045251271858658129e+03;2.091762786558796051e+03;5.126824155544514069e+05;5.312258417233509681e+04
-2.865250942258069718e-05;-1.062489405063190466e-03;2.446426330621551820e-02;-6.138114902583390631e+02;2.355170189992709766e+03;5.092171121356702060e+05;5.240698981826941599e+04
3.064813611385013687e-04;-2.185341433577021875e-03;7.884557739624091510e-02;-1.024641837321345520e+03;3.700600069632396753e+03;5.140483921258809860e+05;5.340790678948386631e+04
-7.127881668395106380e-04;2.774030098156435916e-03;4.319918408824856282e-02;-1.712076234069064355e+02;-4.397161360519970913e+03;5.108589091903884546e+05;5.274818024688159494e+04
3.954876581916877930e-03;-4.603356298157120917e-04;3.759665080133120507e-02;-2.688029434069836043e+03;-5.498520224641544019e+02;5.105447422777392785e+05;5.268093488810209965e+04
1.153269795808151724e-04;-7.854028925460531654e-04;-8.414162823531898261e-03;-1.504452878405801073e+02;1.776891866208076863e+03;5.061570092791743809e+05;5.177847033839696087e+04
-1.689749292951791670e-03;-9.100929867476461980e-04;9.402609847958636607e-03;1.295813969504180250e+03;1.166192563575763643e+03;5.081395690819525626e+05;5.218485204854548647e+04
9.014669343102098926e-04;-1.108736492895774737e-04;-6.172330940676283573e-02;-5.327822913136258194e+02;5.511773870607270283e+02;5.019817766238789191e+05;5.092725056152090110e+04
-1.505776235301454222e-03;-3.161020529679828706e-03;-1.212421968596349119e-02;5.581890955158655743e+02;4.693820881576022657e+03;5.059287087428015657e+05;5.173564543382497504e+04
-2.693940886849465095e-03;2.802697156810883767e-04;4.535295872910973664e-02;2.140412316242471206e+03;9.780560563018740439e+00;5.113656702114898944e+05;5.284988683038485033e+04
2.395024060082650598e-03;1.423623299707730584e-03;4.131370394532574153e-02;-2.987679115506993185e+03;-4.846127538333311350e+03;5.110108006311708596e+05;5.278218616151837341e+04
2.097216831190594055e-03;-4.535597188845153643e-03;-7.515296981791866338e-02;-7.594943764905706303e+02;5.569838154798189862e+03;5.003869474922762602e+05;5.061043459218792850e+04
3.384333246104240939e-03;-1.479621976896795419e-03;-2.605495210937087969e-02;-3.093002746063211362e+03;1.452537093086308232e+03;5.049270228094240301e+05;5.152884793008009001e+04
5.973848983594406796e-03;-2.957292153273721985e-04;-1.202361913752596351e-01;-5.582084785161157015e+03;-2.214572073363570325e+03;4.967671267295160214e+05;4.988184124097113818e+04
-2.660383504373621966e-03;1.922254175310283411e-03;3.011713140718375731e-02;2.371229760712320513e+03;-2.355351543457742082e+03;5.099358964035108802e+05;5.255610119172402483e+04
1.902008915507775446e-03;2.517396102250732057e-03;5.435984731377200424e-02;-1.654339833605002241e+03;-3.710233195317150148e+03;5.119205350798135041e+05;5.296704745850996551e+04
-1.546634094408769720e-03;9.969921523850175122e-04;-1.217103687958578755e-02;1.973103454016538080e+03;1.051716846714037729e+03;5.062030474653911078e+05;5.178825748937921162e+04
-5.383422593408342983e-03;1.630758513947944480e-03;-1.799636612231401631e-02;5.274838206723269650e+03;-1.141637259712877267e+03;5.054552952811492141e+05;5.164024884021826438e+04
1.577816338881438650e-03;-1.542613784491523362e-03;1.097947053773243725e-01;-1.630017387555102914e+03;2.406731388436556244e+03;5.166609826278206892e+05;5.395086254893776641e+04
2.698224838456750796e-04;3.593462972104224332e-03;5.299502714360720262e-02;-1.766849472239929923e+02;-4.357056286618038030e+03;5.116902125330507406e+05;5.291990724786966894e+04
1.914377946332894843e-04;1.703816227108401020e-03;-1.268055002895391026e-01;-4.994532156912850951e+01;-3.641724675332198785e+03;4.962709776032722439e+05;4.977765815638499771e+04
5.182445312691638141e-03;-5.143940821542615244e-04;1.067782599422742278e-02;-4.321391599248220700e+03;2.496947789665882283e+03;5.078600531307740021e+05;5.213187713336612069e+04
8.812441683868339846e-04;1.245770181365576197e-03;7.675887187156080205e-02;-1.750668811171080961e+03;-2.309413685265112235e+03;5.139650826276728185e+05;5.338931543493062054e+04
-9.682512299095302668e-04;1.247097916009908946e-03;-6.322996453778789716e-02;1.898518050859056302e+03;-5.664855814131425404e+02;5.016268155063935556e+05;5.085592743162967236e+04
-1.278320184633354286e-03;-5.089796988145099330e-03;-8.059703481477260498e-03;1.339477044439111296e+03;6.542849709413031633e+03;5.065449083510683849e+05;5.186623352394453104e+04
4.380087589069631138e-03;-3.453399095490298620e-03;-6.265323464970218303e-02;-1.983164137593474152e+03;2.143618081231621090e+03;5.013482199659652542e+05;5.080038508878737048e+04
-3.164272651439079421e-03;-8.271746971866980949e-04;-9.331002777480062668e-03;2.153585243631373032e+03;-7.766896444896983098e+01;5.065036346412239363e+05;5.184970725943649450e+04
2.232697034404617243e-03;-2.868819104978834102e-03;-5.633820172176747659e-02;-2.044105814388127328e+03;5.327489387613850340e+03;5.023460551559862215e+05;5.100765288166220853e+04
4.449399579754447290e-03;7.429221868128247849e-04;6.529849762656958490e-02;-4.161641531799266886e+03;-2.057659089191875410e+03;5.127756184552707127e+05;5.314515119651899295e+04
2.040887443304442543e-03;1.000430165703770653e-03;9.017742096050829215e-02;-1.035167546362960138e+03;-1.552650581263815639e+03;5.150916673832742381e+05;5.362262418593282928e+04
-4.364689906374746679e-03;7.141981130222537551e-04;-1.151221469392454781e-02;2.109202640093022637e+03;-3.566697125273107645e+02;5.063343966917283251e+05;5.181505086670186574e+04
-1.116189956968980908e-03;-1.802056455295553009e-03;5.769133888109066050e-02;-1.599665177655567447e+02;4.259140677290373787e+03;5.120094690130614908e+05;5.298578754791127722e+04
-2.997335695044280220e-03;6.597883201246257205e-04;-9.035318568082241486e-02;2.939549401292037601e+03;-3.415457139251366243e+03;4.993060220605419017e+05;5.038976063451294613e+04
-2.190966351216879285e-03;1.899565027774488633e-03;-1.034631741543343836e-01;1.261542345080253199e+03;-1.889404830635230383e+03;4.982096516821777332e+05;5.016567024054974172e+04
-3.861658479027857329e-03;1.760484950144171782e-05;8.632920169388717813e-02;5.289602688757512624e+03;-9.861734247119213705e+02;5.148576162900879281e+05;5.357905261985021934e+04
3.206244918943228391e-03;-1.236619945000700521e-03;-7.300375230100794588e-02;-2.740742330251709063e+03;2.217171510304382593e+02;5.007261964305458241e+05;5.067421584798087861e+04
1.867186911808900581e-03;2.081151557372543353e-03;1.137681790784473984e-01;-1.834211523804999160e+03;-3.072934965712307530e+03;5.172008586266622297e+05;5.406454869204250281e+04
4.691164441378804437e-03;1.255479839141979961e-04;8.240246858683807768e-03;-3.067404684435192848e+03;-8.646403935193554844e+02;5.080068167165904888e+05;5.215902761744463351e+04
2.525686748476178248e-03;-9.019652413692750594e-04;1.589174370428572958e-01;-2.704588425477277724e+03;8.156047891764459337e+02;5.210171591545029660e+05;5.486433691100940632e+04
-1.801760740498683762e-03;6.958670542862445234e-04;1.630306067406993298e-01;1.262532295151249855e+03;-1.947198168644297766e+03;5.211091130320483353e+05;5.488317962638752215e+04
3.204884650234674989e-04;-8.610594611824880966e-04;-5.199448870025178554e-02;-7.248151033844662834e+02;1.612577551074384928e+03;5.023058821844213526e+05;5.099354716516238113e+04
-3.504295664512918802e-04;1.572802690734494439e-03;1.104388926227191231e-01;-5.612045943596237976e+02;-3.307902549283112421e+03;5.166962845787928090e+05;5.395880265740871255e+04
1.096228900078973899e-03;3.869946605208156028e-04;-9.787059419216700973e-02;-1.182456149718868119e+03;1.908350326311061281e+03;4.989481396259270841e+05;5.031447233566044451e+04
9.677374141916224954e-04;1.960806598252234911e-03;3.576276397079970054e-02;-8.859619816341589740e+02;-3.059615069364154351e+03;5.105458366032523918e+05;5.268168989312397753e+04
1.284670840139787076e-03;9.885206068116351216e-04;-3.433315159940225625e-02;-6.519796930061833109e+02;-6.068590452781271551e+02;5.042867844966711709e+05;5.139606194237213640e+04
8.188187047004783295e-04;3.954464096407158064e-04;-2.080033575519561750e-02;-8.809417345519249238e+02;1.358402414135475965e+03;5.052723710827358300e+05;5.159752572995806986e+04
1.532538381149723067e-03;-1.175992381549282890e-03;-4.761863119892094376e-02;-1.845457380717822616e+03;1.330964595978498210e+03;5.032766075755778002e+05;5.119124373801344336e+04
3.854642998270677631e-03;1.103266145368150992e-03;-1.600467375837584250e-01;-3.193903554200861890e+03;-1.368716379593682632e+03;4.932447729707395774e+05;4.917222401514678495e+04
2.732163571312202967e-03;1.150426353192650006e-03;1.456040161220797657e-01;-3.247126025363500958e+03;1.345141041210584717e+03;5.195520303555485443e+05;5.455710061626500828e+04
-7.552199728211228189e-04;-3.369377807680834763e-03;-1.955664740228957657e-02;1.021373018526363467e+03;4.375367645963336145e+03;5.055242440361793851e+05;5.165252976024892996e+04
-1.297158395029934352e-04;-1.493293540029598651e-03;1.103999061797397152e-01;-1.429615071974880493e+03;8.190288371536495333e+02;5.167617895099394955e+05;5.397075788114040188e+04
-1.014838322405924552e-03;3.025749355227819268e-03;2.148444541595696811e-02;1.168568107897621985e+03;-4.395383659262406582e+03;5.090832982890828862e+05;5.238243400216651207e+04
4.423420189424424886e-03;-1.583200374410177660e-03;7.309253263782329244e-03;-3.642667840336525842e+03;1.379140574670663682e+03;5.080492810124068055e+05;5.216876102957951662e+04
1.263427211978120296e-03;-3.177881850106014251e-03;-8.656227917444518638e-02;-2.026447718596252798e+03;4.258902517920622813e+03;4.997419861701613409e+05;5.047817828734248906e+04
-3.778489477751668523e-04;2.227225169591515955e-03;6.623319465319583987e-02;2.279301907635775422e+02;-3.109120210721599506e+03;5.128104848843524815e+05;5.314998629154985974e+04
-1.558692140661938888e-03;-4.483193801931382853e-04;3.949506470973197791e-02;2.743137480739088687e+02;5.818990499107471805e+02;5.106665595897716703e+05;5.270463901959715440e+04
-5.437302137044941995e-03;2.633653454259203943e-04;2.561278593579994350e-02;4.750807644520215035e+03;-1.578593978558254776e+02;5.093802064947112813e+05;5.244393408740794257e+04
4.685519834914906277e-03;8.410566761284775795e-05;5.463460005048140916e-02;-4.040279311331066310e+03;-3.975557080771959022e+02;5.121635086102826754e+05;5.301733166918886127e+04
1.192382288645824984e-03;1.870299060878105038e-03;-5.038212889471872791e-02;-8.842681945746792280e+02;-5.199946530463780618e+03;5.029885091485137236e+05;5.113722978234487528e+04
9.122205789073980836e-04;-1.429059652407644720e-03;4.883400069824044530e-03;-9.162359415071468902e+02;1.572738037471512598e+03;5.077556998303244472e+05;5.210609299448152160e+04
-1.148340781179111279e-03;7.980628644962438410e-05;5.441292447417746952e-02;5.354558307748991410e+02;1.610693136395062311e+03;5.117656057605341775e+05;5.293224110962920531e+04
-2.187360725137257704e-03;7.385017407852459935e-04;3.227250365734538745e-02;1.741068405414295967e+03;-9.313099949475780477e+02;5.101651098057263880e+05;5.260188749654802814e+04
2.478220296094197066e-03;-2.611636077602049431e-03;9.302494614029394732e-03;-2.308249797769202814e+03;5.668563338479590129e+03;5.077857749290153151e+05;5.211916708341272897e+04
-1.385384037690078193e-03;-1.649942868646504281e-03;-5.428988936475072878e-03;1.147340157205804189e+03;5.114082589543255381e+03;5.068251481775014545e+05;5.192016554593620094e+04
2.793625137927014963e-03;-1.212155154751069297e-03;-9.326855948794877949e-03;-2.191906688946919076e+03;2.012497133241840402e+03;5.062826238029095111e+05;5.180532010860250739e+04
4.282686039938391961e-03;4.556726166896426134e-04;-3.571213906880305392e-03;-4.860804209682899454e+03;-2.380616966195690111e+03;5.068153069776773336e+05;5.191851821971388563e+04
-9.516309122002547527e-04;-3.896322552012977561e-04;1.942618717259402689e-02;-1.219384001244304585e+02;1.362448861837244976e+03;5.089151308043560130e+05;5.234403275652546290e+04
-1.121456130196184567e-04;8.789273681047623252e-04;-4.492440725357293302e-02;6.502169529192575226e+01;-3.788808030479244167e+02;5.036738390289096860e+05;5.127106704475619335e+04
-3.077174247122027931e-03;1.714527555390432841e-03;-9.230575492447901098e-02;2.208027804398010176e+03;-1.487705455214160793e+03;4.992371679928068188e+05;5.037319394663179264e+04
1.955206503513919492e-03;-8.646009375022478260e-05;2.384790921453055004e-02;-1.619437002753459637e+03;1.043177861561688786e+02;5.092552259486926487e+05;5.241417008855961467e+04
8.784339225814593102e-03;-7.126335735543166223e-05;1.552432398771300126e-02;-6.053546746705863370e+03;-1.105319310921244202e+01;5.087912902793328394e+05;5.232558903893861861e+04
1.501539533556208415e-03;-4.906478853445871841e-03;1.636313040845737421e-01;-2.039492512847420585e+03;6.712083756035733131e+03;5.213391025029580924e+05;5.494049169304340467e+04
-2.431306755340030806e-03;6.384214222716165640e-04;1.179473467704471173e-01;2.335007275433637915e+03;6.190184268457879853e+02;5.174330508325402043e+05;5.411169172473299841e+04
5.360626874173188977e-03;-1.296609987435552377e-03;-7.818397149234408705e-02;-4.574591748365025524e+03;1.873495496381074418e+03;5.001566704731301288e+05;5.056242188000908936e+04
-2.668699402143722040e-03;-3.388730770962733712e-03;1.348177733761062869e-01;2.257013642114387494e+03;4.679968471656019574e+03;5.191115096966632991e+05;5.446758711002285418e+04
1.087371836141882899e-03;2.373754307337913854e-03;-8.926002340723629414e-02;-6.594489649796546473e+02;-3.404280058839347021e+03;4.994761331527475268e+05;5.042242489066243434e+04
2.810806140691962315e-03;4.544775862054563072e-04;-7.410966796137404000e-02;-2.318652697354796601e+03;-4.108449757556358236e+03;5.005417426648163819e+05;5.063985971707744466e+04
-9.741286685738604397e-04;-7.717487677240749029e-04;-6.983007332771305753e-02;4.140039854295760051e+02;2.427996832134575470e+03;5.014477280416215071e+05;5.082005475291720359e+04
3.751232604664665304e-03;-1.453559461110031335e-03;-3.796455232202749358e-02;-3.724577486379751917e+03;1.907998283881648149e+03;5.039551907632832881e+05;5.133187250431762368e+04
3.065539576793621483e-03;-9.763764260288631657e-04;-7.624214623444722227e-02;-2.139155378787582322e+03;3.867849337250415260e+02;5.007660865869971458e+05;5.068171679827124899e+04
8.065805076005552765e-05;-2.028244130901489094e-03;4.399408560741544655e-02;5.186471292818401935e+02;4.789547437696362067e+03;5.113189173705598223e+05;5.284398822228266363e+04
-2.137629478329653983e-04;-2.531737094078144196e-03;-4.411700144243128896e-02;3.996640573803050529e+02;1.781101682341369496e+03;5.034033132162328111e+05;5.121664951190398278e+04
2.601206395384903641e-03;-1.256955073170941991e-04;-7.740096443114641289e-02;-1.950213557093649570e+03;2.298595022768345643e+03;5.006169926576862927e+05;5.065242418357602583e+04
-5.179291700528667122e-03;-1.251957441468504054e-03;-4.403157166107499881e-02;4.669332381252087544e+03;3.330097843918671970e+03;5.032459089826098643e+05;5.119060028404258628e+04
1.559146034439724262e-03;-2.470678565888599133e-04;-4.906642536251071274e-02;-1.592213844091428427e+03;-3.788841526622799449e+01;5.027104262482792255e+05;5.107559789449619711e+04
9.115546077468637603e-04;-6.248133314715090909e-04;7.899963011618996861e-03;-1.400921327819067301e+03;1.660600677874215535e+03;5.075851934384278138e+05;5.207138884759453504e+04
-5.660202450378175971e-04;-5.796027845221615607e-04;1.007838013869848393e-01;3.254635727076191074e+02;6.145326518813518533e+02;5.160554551981739351e+05;5.382286977425032092e+04
-4.021256714560551317e-03;-3.372599299205193170e-03;4.833667604372027075e-03;3.839167987374668883e+03;4.407723791322753641e+03;5.076471560903891805e+05;5.209005380163947848e+04
-3.168976149039356700e-04;-3.878062719539385151e-04;-3.512649651879076046e-02;1.016151041935178228e+03;-1.207168138804807285e+02;5.042349086689831456e+05;5.138553961459216953e+04
1.728498495429679890e-03;-5.091929908432501128e-04;5.245197451729388671e-02;-5.673245776381004362e+02;2.953722530078896853e+03;5.118076898519420647e+05;5.294219296524413949e+04
1.268692859209399892e-03;-1.318241986678249031e-03;4.097614854172528139e-03;-1.822327144647666501e+03;3.429418689566545254e+03;5.074797608367694193e+05;5.205185368300410482e+04
9.527490178383828112e-04;3.618345516826874941e-03;7.462210971216496486e-03;-9.966690649094069840e+02;-3.562596792723252292e+03;5.078058948471943731e+05;5.211849174304341432e+04
3.894731531893977881e-03;-8.544228260421154325e-04;3.850619240984178709e-02;-3.765776149781992899e+03;1.388497450096149578e+03;5.105106044437190867e+05;5.267562453157077834e+04
5.520691236391470948e-03;-2.790954551027296279e-04;-1.441525494955538632e-02;-4.206177515771109029e+03;2.242753924788320319e+01;5.063811075693464954e+05;5.182726221096237714e+04
-1.703761364824825386e-04;-4.107695180630383880e-04;4.823384316209673034e-02;-3.256817899537933840e+02;1.183325822717905567e+03;5.115396067825711798e+05;5.288522367651673267e+04
2.301045840604287827e-03;-1.327733413898957420e-03;8.611462148177943809e-02;-2.523706915998024215e+03;-1.256363319196904513e+03;5.150155238602624740e+05;5.360767445818817214e+04
-2.207108912156251218e-05;3.993666533733752173e-04;1.970030173579689556e-02;-7.714687732318101325e+02;-4.496213178761828289e+01;5.089866134448243538e+05;5.235848078582872404e+04
2.454975198691238675e-03;-9.013553832440231650e-04;-7.585938126534309822e-02;-2.451577204650539443e+03;1.382514535786935994e+03;5.007672632717581582e+05;5.068260089451615204e+04
2.035952056278613441e-03;6.712838022349106395e-05;8.817536705223386062e-02;-1.250581912135496623e+03;1.347807200923597748e+03;5.149915219639846473e+05;5.360175502993134432e+04
-3.170232352965846913e-03;1.771807358988913275e-03;1.330895141065479605e-02;3.043751849139003298e+03;-1.115738667836769764e+03;5.085170085077427793e+05;5.226391412243359082e+04
-2.148804676119559030e-03;2.017983786365359217e-03;-9.200753529788462115e-03;1.038613471661421045e+03;-5.387582574691396076e+03;5.065566841481630108e+05;5.186571447460824857e+04
-1.800364148237591083e-03;-4.184277672097837372e-04;-1.724820296398528463e-02;1.689025607337071506e+03;-2.683332785231803882e+03;5.056950218934177537e+05;5.168538364505308709e+04
-3.654931032346293331e-04;2.408203980489291140e-03;-6.929365812951873704e-02;1.539163671031646345e+03;-2.528692386209408141e+03;5.008296906784052844e+05;5.069540794214978814e+04
6.535841961134066999e-03;-1.792785933705645218e-03;2.586926866957308183e-02;-6.061453689768398363e+03;3.365812680805072887e+03;5.092566760857886984e+05;5.242365144749676983e+04
3.437824980655381901e-03;-2.409159128264193230e-03;8.621856671356998431e-03;-2.835073699374400348e+03;4.663799437777622188e+03;5.078781845753294765e+05;5.213658539068986283e+04
3.364293835810998074e-03;9.228870302828206867e-04;8.883901525170420643e-03;-3.588456017388702548e+03;-1.316594559217841379e+03;5.079037891474926146e+05;5.213877425640406000e+04
-1.874372073236612647e-04;7.408668104082518626e-04;2.820077787806033257e-02;6.454280134478869968e+02;-2.936484149832491539e+02;5.093677857491210452e+05;5.243691182866296731e+04
-6.990265874034056999e-04;2.982664697208385531e-03;2.154348998707216259e-03;6.725170362570268878e+01;-3.943717717055893900e+03;5.074767397692272789e+05;5.205133011254776648e+04
2.093665471739191743e-03;1.311560135550726702e-03;3.546230975198107205e-02;-1.335917172950206577e+03;-1.154462488105301418e+03;5.101944138054621289e+05;5.260777262540488300e+04
-1.025272865844040378e-03;2.008344934271279279e-03;3.774476196348571649e-02;-2.974749029359071528e+02;-4.221937414136264124e+03;5.108463486797240912e+05;5.274529335684800026e+04
-2.100625826001127801e-03;5.381605874666632984e-04;-1.122477925099786555e-02;2.314339543568046338e+03;3.036159482627243733e+02;5.063335944178630016e+05;5.181506298563026212e+04
-2.649077299955264735e-03;3.039735234614637620e-03;1.790512102294905886e-02;2.278815494433965796e+03;-3.112453443234684528e+03;5.086877867435713415e+05;5.229990618819736846e+04
-2.970308944442134804e-03;-1.106715416351300744e-03;5.163022490803456654e-02;2.050056642042277417e+03;1.256196637358910948e+03;5.120334527202747995e+05;5.298824820343032479e+04
-1.896110787051800365e-03;-1.752529422757917064e-03;1.005843351526935631e-01;1.462635963767227850e+03;3.344358538049144045e+03;5.159975072231435333e+05;5.381337801125988335e+04
-1.263170793077055291e-03;-4.975521287467205966e-05;1.485764256753309464e-03;1.965668628488817376e+03;3.360802991204515365e+03;5.073049937677124981e+05;5.201602605100892106e+04
2.025292968175411087e-03;-1.536462339504200301e-03;9.302677461326001873e-02;-2.000934552641789196e+03;2.044868052293799110e+03;5.150483090181059670e+05;5.361454768368916120e+04
6.263744687880794986e-04;1.062500078895452964e-03;-5.794020775261017608e-02;2.990594750702242095e+02;-1.074005074125223018e+03;5.020137683058338007e+05;5.093387445056440629e+04
-2.739423157336122374e-03;-1.037746115309622942e-03;-5.220267371122817857e-02;1.676163294695285913e+03;6.820904636618508903e+02;5.027954228166536777e+05;5.109301974850109400e+04
-8.184436364571474800e-04;1.486855703982988691e-03;-3.448342274359259690e-02;1.336530794066516364e+03;-1.719251935520858069e+03;5.043712590527455905e+05;5.141408040314074606e+04
-6.973398398856641735e-03;-5.434663851306228803e-03;7.175844525664318296e-02;5.446890482240312849e+03;6.115722131905726201e+03;5.133102659007280599e+05;5.326522309644726920e+04
2.323063689257888823e-03;-1.240040973729436904e-03;-3.986090903157477050e-02;-1.198622750239183461e+03;1.912431123381393036e+03;5.034871075476402184e+05;5.123405742227178416e+04
3.045867490459905607e-03;-5.390307025342153937e-04;-9.839976109980243246e-02;-3.746361842235705353e+03;2.150559624999027619e+03;4.984409742854054784e+05;5.021499285584248719e+04
-8.157432274145541605e-04;-8.179004799147830294e-04;4.058034101652355230e-03;1.548687735836751017e+03;3.627755800344704085e+01;5.073868979598339065e+05;5.203024369579577615e+04
2.202649655146543452e-03;7.345219389304540264e-04;-2.147449519358639661e-02;-1.685790157551697348e+03;-3.940341099588064480e+03;5.051961202731397934e+05;5.158513635973828059e+04
6.117603559463413417e-04;-1.987217251625106491e-03;1.463396323628767155e-02;5.661378916326690387e+02;3.275266352598769117e+03;5.082779932919658022e+05;5.221490592287827894e+04
6.162436220771429869e-04;6.090693803748576480e-04;-7.014673690951905849e-02;1.589712463957503417e+02;-1.464315515906768269e+03;5.007427092710142606e+05;5.067646844260256330e+04
2.409784548670492171e-03;2.232019196110978602e-03;-2.676229032461422200e-02;-2.427363308824352771e+03;-3.557730793227573940e+03;5.049289442689134739e+05;5.153062914862636535e+04
9.742705822537098270e-04;-1.151766259682989553e-03;-2.566574012025729656e-02;-6.757277008988125999e+01;3.650767234523193110e+03;5.047753097969189403e+05;5.149822345677824342e+04
-2.084513493022759848e-03;3.341541587017784597e-03;-6.142901288822492922e-02;1.405289994553259930e+03;-4.030984303693857782e+03;5.020271097398279817e+05;5.094001355854728172e+04
-1.429700596258903691e-03;-2.435352236023699015e-04;-9.523085868557091410e-03;1.943539163074281305e+03;-2.253322788875503647e+03;5.064639088119296939e+05;5.184242545287100074e+04
1.527864722453893564e-04;1.142832265923029783e-03;9.157450523203658488e-03;-3.412080035907565048e+02;-3.416626115431559356e+03;5.081588038045061403e+05;5.219057133534280001e+04
-5.059079170998227260e-04;-7.397934805758406068e-04;4.847538472265287834e-02;-8.060349406689794023e+02;-1.274153893628832606e+02;5.115679350819406682e+05;5.289091136647037638e+04
-3.825256802913352960e-04;2.074631635765224712e-03;-2.370732534922276313e-02;5.397422242176094187e+02;-4.073919946296243324e+03;5.048646799262425629e+05;5.151717814220556465e+04
2.877841642181804601e-03;-3.398416336509931489e-03;1.553606820912510900e-01;-2.241139229623231586e+03;5.240189308693886233e+03;5.205782232794857118e+05;5.477688858925170643e+04
3.496149224081152116e-03;-6.387355566016387782e-04;9.265279901443306682e-03;-3.759904095103543114e+03;1.260660650152167818e+03;5.082801436991465162e+05;5.221629321546381834e+04
2.556483332673429188e-03;-5.369809794492519210e-03;-3.287541775900420897e-03;-9.348124757063641255e+02;6.951857521672122857e+03;5.068055342941511190e+05;5.192053958515213162e+04
4.817139830809953616e-03;-2.575730011303736192e-03;8.051556081402423681e-02;-4.226638400849675236e+03;2.853629212778957026e+03;5.141821647649660590e+05;5.343798227154493361e+04
-2.399612830248087480e-03;8.189434038974801678e-04;3.483067090536042659e-02;2.588793913231591432e+03;-1.613681233435133436e+03;5.100440460012013209e+05;5.257801844729840377e+04
-3.922650408019727995e-03;-5.337074906394507871e-03;6.869228694971500279e-03;2.988132055807454890e+03;8.510548281759300153e+03;5.079742351727864007e+05;5.216672766257024341e+04
6.846808727046251562e-03;3.778411288558791194e-03;-5.234170636262898933e-03;-5.943130662611414664e+03;-4.942778888921977341e+03;5.065135560803549597e+05;5.186287600291330455e+04
3.140390995218041940e-03;1.083093136258327354e-03;-1.910412805585623430e-02;-3.230203069425987906e+03;-2.275923753044476143e+03;5.053328599215175491e+05;5.161250624233804410e+04
3.945029053830635332e-03;1.065959297902884277e-04;9.327034657298653719e-02;-3.015031813150621929e+03;-5.548186282775277078e+01;5.154119334768964909e+05;5.369045944971676363e+04
-2.862951345493863851e-03;4.500346884421271257e-04;3.230554108283598125e-02;2.199405947554821523e+03;-4.326382466157679119e+02;5.102736854495087755e+05;5.262450703548156162e+04
-2.450137286065572073e-03;3.934662724255560349e-05;-1.821361107866106832e-02;2.420377485821313257e+03;1.127865649113083464e+03;5.054783725671164575e+05;5.164051817508630484e+04
4.250506551111828081e-04;9.697709757796108194e-05;-1.329920629375901803e-02;-3.613743874555250386e+02;-1.225966194082514221e+03;5.063394007477044361e+05;5.181548035873349727e+04
9.467364049793528923e-04;2.027298781097788740e-03;1.143090539187528905e-02;-4.386488802081463518e+02;-2.805442525537037000e+03;5.080173407800298883e+05;5.216076551322104206e+04
-1.083343381637313181e-03;4.716615192633086848e-04;3.935446794473111687e-02;7.740259271394842244e+02;-6.735961944064727902e+01;5.105033898299118155e+05;5.267100211409189797e+04
-3.190204358222272028e-03;4.177488464938052394e-04;7.022574365018660614e-02;2.610286711137982820e+03;1.643288277896236650e+03;5.130707990164764924e+05;5.320391690097162063e+04
-5.410220760252567804e-04;2.354867240341618098e-04;-2.527472084296156912e-02;8.320247708767597032e+02;6.345526133430336131e+02;5.052534840345488628e+05;5.159335992834077479e+04
-4.445364428485471323e-03;1.019760227044850566e-03;2.122921181316183084e-02;3.873287591095496737e+03;-3.363152328714339546e+03;5.092246175598438713e+05;5.241265545900992583e+04
-4.762713169597258128e-03;-4.166002357245239822e-04;-5.417363252123561651e-02;4.635498878686377793e+03;-9.576605885934786784e+02;5.028092415265326272e+05;5.109969448183972418e+04
1.265225019123956843e-04;-2.004193666620169689e-03;1.111655309485513020e-02;-6.303345185150781163e+02;1.720300645334824139e+03;5.081379557970032911e+05;5.218458488253740506e+04
-1.608336626956003313e-03;-1.889623235900876955e-03;-2.495977236618102460e-02;1.564420697485566052e+03;-7.199291558454555684e+01;5.050747163473312394e+05;5.155713163336650177e+04
2.387315472373956020e-03;1.411828561548358332e-03;-1.819681082839972458e-02;-3.121876701500857052e+03;-3.001395314687312293e+03;5.058940456693814485e+05;5.172783173221346806e+04
1.134781643136501374e-03;-9.136606508983983891e-04;2.535786868836918673e-02;-1.600702434613315745e+03;-8.880964146416221183e+02;5.094916508085682872e+05;5.246299310082838929e+04
-2.197070106242843702e-03;5.455888922347626978e-04;5.812399942586963381e-02;3.166918094758816551e+03;3.981014012900344028e+02;5.122507199740267242e+05;5.303411563931620913e+04
-2.206288206994600539e-03;-1.451798237337742362e-03;4.004242306924402084e-02;2.390711549123714576e+03;1.687301102686491959e+03;5.105664175157717546e+05;5.268561711021840165e+04
1.230517437957463029e-03;1.913295580706330715e-05;1.311549899919329555e-02;-1.134887656724222325e+03;-1.708198446259799994e+03;5.082917863760684850e+05;5.221635695608197420e+04
-1.155590841399883753e-03;1.027266300406774041e-04;-2.219253377167212243e-02;2.704223851823792302e+03;1.839197312379777486e+03;5.054522486931502935e+05;5.163590127594502701e+04
-2.724684107461695145e-03;-4.448034428622213042e-04;8.809537352090317242e-02;2.423770973149626116e+03;-1.617489228612157376e+03;5.150687545517385006e+05;5.361886602517158462e+04
-4.044988623659789080e-04;2.143211281640119384e-04;1.317296981732925809e-01;2.139638550706692399e+01;6.259943198300514950e+02;5.186664484206672059e+05;5.436886397907895298e+04
2.072790423382292468e-03;4.186551291601543420e-03;-4.188681929125266656e-02;-2.100597962650118461e+03;-7.258326554626122743e+03;5.033815692017577239e+05;5.122309099071399396e+04
5.879309836032821195e-04;-2.652202083438796008e-03;1.375315425703299045e-02;8.292375296982726240e+02;5.923981222148676352e+03;5.082487862124277744e+05;5.221390420375977556e+04
6.934633637200222651e-04;-5.339182603291257488e-04;-5.218824052310634676e-02;3.612329781282298313e+02;1.508008725182445914e+03;5.020147875864388188e+05;5.093431605486269837e+04
-4.891094461703672167e-03;-2.278141085331265511e-03;5.796546018952365015e-02;4.768303834781221667e+03;2.785629801478918125e+03;5.118618296203644131e+05;5.295772891586305923e+04
-4.051646196262613693e-03;1.565164695486181631e-03;-1.147045878943208502e-02;4.398900929918342626e+03;-2.229769114963981337e+03;5.064777127691591741e+05;5.184837739270110615e+04
1.330821189632813836e-03;1.216765579025716774e-03;-7.069966263096091885e-02;-1.056074126589380739e+03;-1.796058747851882117e+03;5.011617847576180939e+05;5.076176516092297243e+04
-2.075310651610538012e-04;3.421815214501398774e-03;-1.450624592015025034e-02;2.219358957906842988e+01;-5.055082931398201254e+03;5.057931119454219588e+05;5.170856856649700057e+04
6.446814817699674828e-04;-1.239570475089167611e-03;-7.227722976939422728e-02;-4.996716640669027925e+02;2.256457013768253091e+03;5.010121683251089416e+05;5.073166359017993818e+04
-1.760335858928329528e-03;9.313733635755300222e-04;5.029251191334155324e-02;1.018140458468784573e+03;6.166029388639490207e+02;5.113574404354890576e+05;5.284754618494525494e+04
-9.146202061085133891e-04;9.619057947667762490e-04;3.694980471642815567e-02;-2.807014530173459548e+02;-3.031168167119285954e+03;5.106661745365683455e+05;5.270634874278571078e+04
-3.434729202274777087e-04;1.333059028134816462e-03;-7.444106719636520153e-02;7.894104302154754578e+02;-2.952073862737882337e+03;5.010196420626801555e+05;5.073398485961707047e+04
-2.815579161880199153e-04;1.544692355123880459e-03;4.598966234327517277e-02;4.884861730989227908e+02;-2.739066413826201824e+03;5.111625885313282488e+05;5.280855729741031246e+04
-2.059830602371125110e-03;-7.672725100130319649e-05;-8.190375565453242301e-02;1.441189145300117843e+03;-1.875988262496789275e+03;5.000775259758147877e+05;5.054261504332574987e+04
9.838604144673174842e-04;3.207698691383961947e-03;-4.491490170357383821e-02;-5.475143807216078358e+02;-4.012939564143619009e+03;5.030190982207489433e+05;5.114114147497106751e+04
-2.556010171966500120e-03;-6.188068224468218663e-05;2.187021019421454479e-02;2.746976689057660224e+03;-2.099085434978840397e+02;5.091374625202131574e+05;5.239093368472583825e+04
-7.191225739384384322e-03;-9.975690732482315527e-05;2.105158152746204603e-02;6.813749704011211179e+03;6.314875698406130766e+01;5.089480523472728673e+05;5.235981088985771203e+04
-2.010990785785049702e-03;-7.261933330962190960e-04;9.622765746292247235e-02;2.925208823250243768e+03;2.129743608190563918e+03;5.158877825751002529e+05;5.379044846013007191e+04
-1.332377721336428834e-04;2.864795435490502984e-04;-8.463288274213477680e-03;-4.923902186540138359e+02;-1.669899330113061978e+03;5.062053585689417087e+05;5.178833258023766393e+04
3.405444590809233226e-03;7.216489828489852220e-04;-6.399348671476196015e-02;-3.091047166087982532e+03;-3.022034974190259618e+03;5.016183338397023617e+05;5.085719114294247265e+04
-2.935158907009742264e-03;-2.770955276765831900e-03;-4.280189691925535833e-02;2.982706881796010293e+03;3.651312859733061487e+03;5.034305482605122379e+05;5.122601047729548009e+04
-7.174647822515649699e-04;2.417439801711684846e-03;4.593912119574186659e-02;4.006046295062518539e+02;-5.564857817399477426e+03;5.110577237004383933e+05;5.279161944025703269e+04
-2.887974576643873893e-03;1.423143294775237183e-03;-2.126850694400162292e-02;1.135737455630252725e+03;-2.080759171741675345e+03;5.055350747335407650e+05;5.165179873071772454e+04
-6.320567484266680601e-04;1.718633093474873684e-03;-3.000369621494105785e-02;6.210924207583153702e+02;-2.317724855401969307e+03;5.047431162151335739e+05;5.149012415310784854e+04
5.174422408772944015e-03;3.377680139847728216e-04;-7.228838362650776006e-02;-3.249622634565705994e+03;1.163385108850564620e+03;5.009397105595722678e+05;5.071831932802205847e+04
3.211622213191187274e-03;-1.181618231521658997e-03;-6.089955389790566859e-02;-3.839142878688426663e+03;6.068564405883153995e+03;5.020742782404068275e+05;5.095632425641406007e+04
4.042424357456912351e-03;-2.870708802881132265e-03;-1.873043905221941779e-02;-3.006406165559015790e+03;3.503885454459095399e+03;5.055722210645083105e+05;5.166256177191772440e+04
2.895278233593034500e-03;7.867454866423204520e-04;2.437358877353873465e-02;-2.264424633257866390e+03;-1.066175369216914305e+03;5.091237996241913643e+05;5.238785403700897587e+04
-1.481497083225601346e-03;-2.612418932475235947e-03;9.001294323580970314e-02;1.635100593739809938e+03;5.727366840705224604e+03;5.152754471078476636e+05;5.366736066648380802e+04
3.276138905007843459e-03;-1.932748277908550097e-03;-1.115125292088724749e-03;-3.586424192550551197e+03;3.219898383282319628e+03;5.070178841472086497e+05;5.195880040789658233e+04
-5.473763419728138943e-03;-3.639212272499331327e-04;-9.580659029219543155e-02;4.176212716955164069e+03;1.636879038333548579e+03;4.989918810414603795e+05;5.032634214927125140e+04
2.224046569405825364e-03;1.250028887755074564e-03;-6.119762576666864379e-03;-2.242680592759167666e+03;-1.146514902245786061e+03;5.069121649463974172e+05;5.193372385076852515e+04
-2.105455356413746607e-03;-1.722439223900420861e-03;8.652707215516072803e-03;2.202217771852814167e+03;2.870687331932846064e+03;5.080652857722192421e+05;5.217162730259786622e+04
-2.733490966334953341e-03;-3.302360097521199835e-04;-1.107970941093664868e-01;1.766382639321974466e+03;2.857804621797888103e+03;4.976882229410841246e+05;5.006195813230783097e+04
-2.288797718986508752e-03;-9.928349573497361087e-05;1.309739453521781803e-02;2.620148430667486082e+03;1.789589919670295899e+02;5.085273765120781027e+05;5.226531522886066523e+04
5.408218568147292460e-03;1.451890392319859107e-05;-7.304615834534321228e-02;-3.943494963122912850e+03;-8.866539154821023203e+02;5.007928905436918722e+05;5.068948917680696468e+04
-6.881823071208051194e-03;-5.337750276880202840e-04;2.091346137670567137e-02;6.009140203528940219e+03;3.790301335904709390e+02;5.094180924575656536e+05;5.245449529459347104e+04
7.081061346730516950e-04;-9.402025593577877983e-05;1.417662313435376874e-02;3.820623688329856691e+02;-9.222708453249396143e+02;5.082246571907136240e+05;5.220191722851105442e+04
2.910000129286671039e-03;1.624288221212186146e-03;-1.313563307733488228e-02;-4.274821642867734226e+03;-4.226993957121204403e+03;5.065353378512087511e+05;5.186256389720537118e+04
3.274252377710488819e-03;-1.353946891077943389e-03;-4.228691660332239283e-02;-3.527518286286473540e+03;7.569651781029834865e+02;5.037346467527492787e+05;5.128604831660445052e+04
1.991994426672716225e-03;2.166436016629352725e-03;1.229724268704537604e-01;-1.470720572400276524e+03;-1.605660770584977399e+03;5.177752007402672898e+05;5.418305481575736485e+04
-1.520618464836128629e-03;-2.195023178452089416e-03;-7.758341753570562049e-02;5.012526132384772382e+02;2.919951362841342416e+03;5.003520037335671950e+05;5.059875461258572614e+04
-4.274869839302035683e-04;-1.378429076422823174e-03;-8.490287221590105127e-02;1.798535808648837474e+03;1.533847475842329459e+03;4.998887157255900092e+05;5.050445535817745258e+04
-2.733010331885136254e-03;-2.868834054056333856e-03;-3.115977244473018548e-02;3.340755638781689868e+03;4.300045572423799968e+03;5.048501451472447952e+05;5.151679150107609166e+04
5.515175320538924378e-04;8.840652759744353209e-04;2.236673024980897345e-02;2.185777387615718510e+02;3.657575596676106784e+02;5.091229075173097663e+05;5.238644109697267413e+04
3.164307244016734220e-03;2.191028049609879819e-03;-1.413819064153124146e-02;-2.444732305132385591e+03;-2.087664410774418684e+03;5.060664364904109971e+05;5.176138759686377307e+04
9.427735290519851036e-04;1.400175810982986525e-03;9.227118514103391234e-02;-4.477820233639504011e+01;-2.211078677879397674e+03;5.155027181671650033e+05;5.370852518637007597e+04
-1.975987385716485023e-03;3.793832408749800195e-04;-2.147027643999298296e-02;1.056679784370792731e+03;-8.019952427880732557e+02;5.053552505715737934e+05;5.161427983818962821e+04
3.951778651634874290e-04;-2.943458285317864746e-04;-4.470856508806455437e-02;5.400334954527653508e+02;4.198733899705819113e+02;5.032688302850146429e+05;5.118870987928868271e+04
2.810432822719133566e-03;2.157024050673172696e-03;-7.958361293696876448e-02;-3.061009050540635599e+03;-2.611821287866849161e+03;5.002685989619371830e+05;5.058338617231441458e+04
1.223946611373926806e-03;-1.438644985502770472e-04;-5.060332658254694527e-02;-2.277694572707339375e+03;2.055352279185889529e+03;5.026412506119272439e+05;5.106293207180839090e+04
-1.876332092408056988e-03;-3.055872183579498667e-03;8.255184482111800615e-03;2.785656279207105854e+03;3.593738792364442816e+03;5.080441011585260276e+05;5.216880964884184505e+04
-2.086055362274598628e-03;-9.861584498211833395e-04;4.811978569103771836e-02;2.190708592249377034e+03;3.624698742695657074e+03;5.113038891495924327e+05;5.283981694929480000e+04
2.933615024454114067e-04;1.553078307256328290e-03;-5.052686543595405477e-03;-9.876405557528144641e+01;-1.324029608074874432e+03;5.070498183103296324e+05;5.196100657273749675e+04
2.596982310759702109e-03;-2.595569265048125636e-03;-5.304699716422226624e-02;-1.785426021752000452e+03;3.861953281197523211e+03;5.027804887693960918e+05;5.109298141764757747e+04
-2.345617242742539105e-03;1.808174302773519863e-03;-2.587529785881516678e-02;2.930656575031419834e+03;-3.733741402660781205e+03;5.051636316075562499e+05;5.157934330353346013e+04
1.532356528620756018e-03;-4.020160755619342323e-03;-9.885203687780724779e-02;-1.378450056512376250e+03;7.413668511561591913e+03;4.985380951018557535e+05;5.024228283712454140e+04
1.568714278969012086e-03;1.638669101143075619e-03;-3.345464918807895122e-02;-1.429873616193682437e+02;-3.276775874979933633e+03;5.044452080703967367e+05;5.143037327065110730e+04
-1.665388305180183059e-03;1.201827146206899816e-03;1.110460034095187010e-01;1.684187220764044639e+02;-2.768993670916518568e+03;5.168458496117909090e+05;5.398932434892019955e+04
4.954350367445774895e-05;-2.005035370272007563e-03;-3.227888865846262334e-02;1.368956153882022363e+03;-1.100159365490616459e+01;5.045910683270893060e+05;5.145832308955312328e+04
-1.371394917769672064e-03;4.874624215886436910e-04;1.151335291809895724e-02;1.977954426637459392e+03;1.120400570541798970e+03;5.084618903243738459e+05;5.225150584609858197e+04
-1.319156978194560657e-03;1.804467901747112461e-05;3.078970691857198239e-02;-2.337358255519582428e+02;-5.742125319104750361e+02;5.099116431345914607e+05;5.254892234340459254e+04
4.289300547454260107e-03;-2.562321107129046736e-03;-1.062911482101845800e-01;-4.938087595248382968e+03;2.758350522614019610e+03;4.975871053301100037e+05;5.004580324854069477e+04
5.460592447166028821e-04;8.592218043310849906e-04;-2.096313698237663257e-03;-2.863280600147353994e+02;-3.497490838565369359e+03;5.070394003064554418e+05;5.196100391139606654e+04
-2.137195380198891621e-03;5.226764000014220892e-04;-1.068476123510940252e-03;1.780485338372926208e+03;-3.824083012242481345e+02;5.070593255536322249e+05;5.196326910613611835e+04
-2.847329842204055200e-03;5.356266666976089962e-04;-4.448220059162314582e-02;2.484165960805732993e+03;-1.849628585828862697e+02;5.031395958643669146e+05;5.116358334160969389e+04
2.495253650645031136e-03;-8.859643650315646981e-04;7.200156089703091400e-02;-1.757869232188157412e+03;2.316764859983858514e+03;5.135983956463509821e+05;5.331317608839732566e+04
8.690529268848515721e-04;1.018914144978546200e-03;6.465489970756405080e-02;-2.925285073448164894e+03;-2.229563690092470551e+03;5.129374968969307956e+05;5.317708671798520663e+04
3.020573148326780033e-03;-2.634564345462085417e-03;-6.647439785995111657e-03;-2.806101046926208255e+03;3.246453593076004381e+03;5.065227467838581651e+05;5.185640310344394675e+04
8.387797020868326819e-03;7.704629876818923243e-05;1.510609175933332743e-02;-8.292259711159793369e+03;-7.275860815474154606e+02;5.084888387704459601e+05;5.227000407302767417e+04
4.654142901393413986e-05;-5.116690004657117484e-04;-3.147793255623908271e-02;-1.116752976725522331e+03;-5.935918685881517831e+02;5.043724528539907187e+05;5.141368864340332220e+04
3.857504519069639582e-03;3.883507005316505934e-03;7.968746748569286928e-03;-4.032578531165304867e+03;-3.368443381183770271e+03;5.076372988748428179e+05;5.208670555349646020e+04
2.307706205199626902e-03;-1.937875264304041471e-03;1.217840972948914559e-02;-1.250147296546095276e+03;2.475281201821014292e+03;5.079252709864022327e+05;5.214178586247406929e+04
-2.024683591730120410e-03;5.804592364850259725e-04;-1.393238735353357618e-03;7.354965283099061253e+02;-8.811042504734326997e+01;5.070414882631733199e+05;5.195905394835874904e+04
2.824386983305916636e-03;9.640413250855661134e-04;-1.280260558600897491e-01;-2.113836043122206320e+03;-8.420710075627765718e+02;4.962081987078757375e+05;4.976343129697610129e+04
-5.060031584798370743e-03;6.629138656614995146e-04;5.018056052900587462e-03;5.125280515705148900e+03;-1.695798744584932138e+03;5.078539660338812973e+05;5.213148349896798754e+04
2.816126330987751597e-04;-2.053488500633754844e-04;-1.985709504068860348e-02;1.134117557647374269e+03;-2.748377631002456383e+02;5.052820754834644031e+05;5.159925316072555870e+04
-1.276704032654261544e-04;3.697119272840575233e-03;1.400498584289254778e-01;-1.146863206893408318e+02;-6.760706208052005422e+03;5.195122482208950678e+05;5.455549003003584221e+04
3.632706859932112366e-03;-4.651674002737543818e-05;-2.538525366148539769e-02;-3.833210597816322206e+03;7.500415349905014182e+02;5.046179784434033209e+05;5.146651632262213388e+04
-6.967767731105173508e-03;1.742253932221806507e-03;-4.050106397085243698e-02;5.534244459522953548e+03;-2.622308503530163762e+03;5.038492745323950658e+05;5.131433975934118644e+04
-9.016635095753162184e-04;-1.609661234432221977e-03;3.781988442157788871e-02;-2.063407466812501809e+02;3.988502709904396966e+02;5.106997881913023884e+05;5.271145523065659654e+04
1.895246251293949415e-04;3.651537956284206608e-03;9.955344461298520908e-02;4.987747143213572372e+02;-5.977092237992881564e+03;5.157914082868925179e+05;5.377497834611852159e+04
1.132328616478993442e-03;2.160834698668099001e-03;-4.401536576503775437e-03;-5.275484178741280630e+02;-2.462942476945928320e+03;5.070158773498680675e+05;5.195497646239923051e+04
-1.738349509972241230e-03;-3.636374874884275646e-03;-2.564488785961687237e-02;1.987551323811982456e+03;5.676171621108812360e+03;5.050132352034383803e+05;5.155139499842047371e+04
-4.315247813920925803e-03;1.026294354037959400e-03;-3.464389437344351369e-02;4.675770889585855002e+03;-1.845407181390904043e+03;5.040559361025029793e+05;5.135396397675800108e+04
4.315371498962940113e-04;-1.838509876616514944e-03;-8.924000978461985034e-02;-9.120121095813797183e+02;1.671362097741879097e+03;4.993205930931809125e+05;5.038933014248745894e+04
2.656571476777652881e-03;-1.148886011366366186e-03;-4.874590778785726358e-02;-2.155824230691691355e+03;3.426936352132143838e+03;5.029557097659999854e+05;5.112825149617272837e+04
2.591441369553510073e-03;-1.384787750752554045e-03;1.272123973086777826e-02;-4.090114141310845071e+02;1.727494782103264470e+03;5.084719157301741070e+05;5.225315886915722513e+04
-5.281876555461880937e-03;-7.522162692660675550e-04;-2.838626937787772780e-02;4.854700110023859452e+03;2.544848072512179442e+03;5.050047923836255795e+05;5.154843371683322766e+04
1.964435257450614265e-03;3.322200295434357513e-03;-6.503684345277037371e-02;-5.888110136483624046e+02;-2.980243291929784391e+03;5.014105553709678934e+05;5.081315960816343431e+04
4.984565831844942584e-03;7.194880242084502470e-04;-3.128738345610996424e-02;-5.068761807883347501e+03;-7.663517540787876214e+02;5.045022674728318234e+05;5.144514537689329154e+04
-3.220888229356041847e-03;1.066580267732520097e-03;4.574368475580160159e-02;2.400197800667376669e+03;-1.380984421662499926e+03;5.109984757020449033e+05;5.277463976671406272e+04
1.115635354761191581e-03;-2.328248399956873819e-03;-1.652465576019968366e-02;-1.325634769804698408e+03;3.029305115615256454e+03;5.056829298745768610e+05;5.168309003852371097e+04
-1.761840215372632032e-03;2.157702716266739120e-03;8.053488670300623653e-02;1.809065518425100890e+03;-4.565006885968415190e+03;5.141895288065671921e+05;5.343912967358421156e+04
-7.558571700034761101e-04;1.408939828914947210e-03;-1.461664813026090914e-02;1.168248418658316496e+03;-3.585941509507845240e+03;5.059748373027186026e+05;5.174343811199109768e+04
6.026885018585264025e-04;1.432129091708638760e-04;6.997080122938567626e-02;2.680653502210325883e+02;-3.512484088963727800e+02;5.132049073952064500e+05;5.322984945970350964e+04
1.149740791485966834e-03;-2.675148426696284231e-03;-8.221660901418716139e-02;-2.150928871426752721e+03;3.319587334189297508e+03;4.998418803675256786e+05;5.049702523308771197e+04
3.964194536197650394e-03;-8.984131356684815816e-04;1.742983912990127629e-02;-5.026720765732718064e+03;9.000177006152597414e+02;5.092038524925101665e+05;5.240833389866565267e+04
2.175185120079822874e-03;-2.114031170861624702e-04;-2.176280734113967413e-02;-1.290759558760912114e+03;3.922650114568220488e+03;5.052233080194047070e+05;5.159042259170962643e+04
-8.566815040310429017e-04;7.616283205894525338e-04;1.138159478667074148e-01;3.716400483980734748e+02;1.010804609090573194e+03;5.171493443146486534e+05;5.405142587324180931e+04
2.663179591421744805e-03;-3.668809914064275856e-04;8.115469170457775827e-02;-2.981026670295725125e+03;-1.616174148158888784e+03;5.142672223749351688e+05;5.345272940551978536e+04
7.789248512407399632e-04;7.589350565860231634e-04;5.075582248030610644e-02;-1.179735115900807159e+03;-3.613283562958094080e+03;5.113090281456794473e+05;5.284017369220832188e+04
3.709629985330670232e-03;1.258466936437292695e-03;-9.861387029280450911e-02;-3.831359661094476905e+03;-2.550574821454363246e+03;4.985151652773238020e+05;5.023045168957686110e+04
-4.186672060050557198e-03;-1.217549940245447751e-03;-5.528745071416619333e-02;2.327244745962549132e+03;3.139566357787828565e+03;5.025279654991263524e+05;5.104110287291332497e+04
-6.385951572691671383e-04;-1.004166385976484411e-03;4.260342486961107150e-02;-1.002381037204306722e+03;1.213041778421325489e+03;5.109660086966318777e+05;5.276688466942538071e+04
-9.735525244626032620e-04;1.107789404623783346e-03;2.037157061521425658e-02;3.647766619958018168e+02;-1.947361192292124088e+03;5.092093093816206674e+05;5.240497993280890660e+04
5.891341840935602862e-03;-2.038125011800497177e-05;-2.584024949018687289e-02;-5.517846840535832598e+03;3.954766628340279340e+02;5.048793853374205646e+05;5.152295093717510463e+04
-5.012008539094597176e-03;-6.432047904332019407e-04;-9.868067357199250544e-02;4.780773198060046525e+03;9.711720374182588102e+02;4.986334974664670299e+05;5.025482716202126903e+04
-3.291180572874995592e-03;2.078199725550390793e-03;-2.747590261914145335e-02;3.069647942327723740e+03;-5.270473196902536984e+03;5.046420979542265413e+05;5.147587116096511454e+04
6.333193146198101350e-03;2.472751356604828595e-03;-2.404585034051975878e-02;-5.643206159070619833e+03;-2.035795453250542323e+03;5.048059348097980837e+05;5.150905134296122560e+04
2.654036752055701593e-04;1.132079901674384274e-03;-2.738245826027092128e-02;-1.351881773124684514e+03;-1.074250139809317488e+03;5.046530616789428750e+05;5.147119178455432848e+04
-2.016185230053706319e-03;-1.955507487955117276e-03;-1.101860004719090735e-02;2.135777337980532593e+03;3.968320234303158941e+03;5.062032108315328369e+05;5.179138508937235019e+04
2.004911822708612019e-03;3.764241439373600638e-04;-1.381045945043241768e-02;-1.253137811879734727e+03;-1.085492013772116479e+03;5.061044928420442156e+05;5.176763928147319530e+04
2.834936039019895094e-03;1.757481312404574406e-03;3.283551404826431062e-03;-2.218749260833447352e+03;-2.721651243268373491e+03;5.075053511251252494e+05;5.205654696663807408e+04
2.958408919723744691e-03;-1.279018613263646067e-03;8.847684653322156201e-02;-2.452865957866330064e+03;3.140547605906661829e+03;5.145175025774818496e+05;5.350565327649049868e+04
3.996742636346179052e-03;-6.360270796709883946e-04;-7.482098017123985090e-02;-2.651958580138640627e+03;2.123744009485680181e+03;5.007709374972725636e+05;5.068407654597995861e+04
1.748142541302346480e-04;-3.468851575170581528e-03;8.709134488748093705e-02;9.311466863268068437e+02;5.411746993382446817e+03;5.151413972826077952e+05;5.363836906665086281e+04
2.004337710314131864e-03;2.764179180030755132e-04;4.216385575212300285e-02;-2.288774441877351819e+03;5.013139804775954644e+02;5.110076139731542207e+05;5.277608704945140198e+04
-4.042397431375683095e-03;-3.637015040796749612e-03;-2.519834388969500669e-02;1.773351884418455484e+03;3.090909517218751262e+03;5.050458741888715886e+05;5.155331427576457645e+04
3.620011550335449323e-03;6.324765044741460307e-04;-3.568215198877905392e-02;-2.653727877925130542e+03;-1.418235788818101128e+03;5.038280259278704762e+05;5.130426239863393857e+04
-6.949869979307430083e-04;2.161030345600063306e-03;2.201589840230319672e-03;1.403467703257331095e+03;-2.683451538108232398e+03;5.073737117299640086e+05;5.202890779676089733e+04
1.214290489052680978e-03;-6.169179625016592413e-04;-5.116191866939983311e-03;-7.310268924512134845e+02;5.475979682706966969e+02;5.067385835929699824e+05;5.189705004850886326e+04
1.194663456178467068e-03;1.490500009583822089e-03;3.818634341164112156e-02;-2.190670433611547651e+03;-4.565321984003159741e+03;5.103939179565608501e+05;5.265347531686158618e+04
4.395661931157472668e-03;1.809647600138900763e-03;-5.216110194260515504e-02;-4.566878703458260134e+03;-2.580566490043198883e+03;5.024658786382724647e+05;5.103096655508576805e+04
1.145215720396933938e-03;3.257119886942741417e-04;-2.154171666172415706e-02;-1.562706736554921235e+03;-3.485420730205864402e+03;5.054134966646471876e+05;5.162877140413191228e+04
8.683051507409448450e-03;1.749918867469099420e-03;5.691509175096318499e-03;-9.804987060292703973e+03;-3.976283099603926985e+03;5.077136758770063170e+05;5.211942404221840115e+04
1.665991837697549261e-03;-6.927789147912844035e-04;-3.195879701931247929e-02;-1.364205606326866018e+03;4.737880062069465566e+03;5.043110368013606640e+05;5.140575805448284518e+04
1.075670228433072079e-03;1.408723855903216537e-03;-2.036621830687919757e-02;-1.684508433566369604e+03;-1.194068080600987287e+03;5.058416339742349810e+05;5.171418614408700523e+04
7.701090796536406123e-03;-1.169417096168488823e-03;6.346707547407165473e-02;-5.879558745358604028e+03;3.947833339367442022e+03;5.126450282896210556e+05;5.312386801077985729e+04
4.117784202879440011e-03;-7.712836423519298882e-04;4.491257397366096860e-02;-2.677285671064057624e+03;-4.539985842570398518e+02;5.115390437455959036e+05;5.288629312885378022e+04
-4.192528250659612911e-03;-6.206622818081995122e-04;8.303696458751903819e-02;4.265932967279594777e+03;-1.530074817137777927e+03;5.144236261197389686e+05;5.348707319113695849e+04
1.682048503021304087e-03;2.070226059388595376e-04;-5.478820586418265554e-02;-1.489663685835930437e+03;7.163590872441465081e+02;5.022547791631586733e+05;5.098309244852458505e+04
3.383673999974787672e-03;2.803750256496144889e-03;8.225702535627602702e-03;-3.033796987002596779e+03;-5.106858242123033051e+03;5.077813703890860779e+05;5.211782313550342224e+04
3.205202115566814893e-04;4.693949306827754062e-04;7.936478695721652099e-02;9.786080830774110950e+01;9.297101893960726784e+02;5.141108898252213257e+05;5.341809020589941065e+04
-1.585350923702815969e-03;-1.486836910279516755e-03;-2.909733907083178125e-02;2.807969774059688916e+03;3.774980581526630885e+03;5.045915990438984591e+05;5.146252615034542396e+04
1.730112316579126425e-03;7.630231650473230740e-04;-9.823003478319578680e-03;-8.600255600704166454e+02;-1.884334180469720877e+03;5.065168891581373755e+05;5.185234945538423926e+04
1.659702170432621887e-03;-2.248150720740486799e-03;-7.028158004791772162e-02;-2.230967085144785415e+03;3.138321837242062429e+03;5.007995134140654118e+05;5.069052442792075453e+04
1.120470027219784299e-03;1.198088305095874277e-03;-3.603132524646087548e-02;-1.799622019744272620e+03;4.874929461756061499e+01;5.039559991540371557e+05;5.132915277391153359e+04
-2.169066357279149284e-03;-1.191193998385444959e-03;1.117201700617620336e-01;2.819025182833205690e+03;2.046443023130102290e+02;5.167442693333235220e+05;5.396816428317685495e+04
-3.571508564069774110e-03;9.084592111346440806e-04;-3.795543361887058348e-02;3.365774880088327336e+03;-7.243168310722959404e+02;5.039667252165531390e+05;5.133307824604020425e+04
-1.124328679479057397e-03;1.129938101514084284e-03;6.451986480416466163e-02;6.424466106419623657e+02;-3.957892493065313602e+02;5.131648029534284724e+05;5.322160610596586048e+04
3.492989844848138660e-03;-2.397455048655620490e-03;-2.377685518514759122e-02;-2.981400367165143962e+03;3.369147530975000791e+03;5.051270614991449984e+05;5.157141355791402020e+04
-1.434216834380597477e-03;6.801746530145364030e-04;3.197953370334492840e-02;5.338961046347709498e+02;-1.374390235557874803e+03;5.101083129960633232e+05;5.258982740108725557e+04
-2.712329301916980868e-03;2.078540162224163171e-03;2.267612954328131203e-02;1.275565068132756096e+03;-3.209466778485461418e+03;5.094340744959680014e+05;5.245286990902612160e+04
1.107159736656059045e-04;8.413498213527922280e-04;-1.865527358592957916e-02;-5.805298525877129805e+02;-4.020521397891918127e+02;5.057337362725583371e+05;5.169136638955544186e+04
8.096211085809845416e-04;2.611987862116712080e-04;1.846276320788309278e-02;-1.595708871702759780e+03;-1.711576900220563630e+03;5.085493641699750442e+05;5.226954761740980757e+04
-2.312270572223071828e-03;-3.397804515949064651e-03;-3.088946171211138375e-02;2.618445784511267448e+03;4.827507724762263933e+03;5.043027410295142327e+05;5.140524982440064196e+04
-3.226786361661992605e-03;3.465314283407130167e-04;6.289801309507269886e-03;3.179990284249407523e+03;-1.654596214017688681e+03;5.077752495325760101e+05;5.211203288225636788e+04
3.393582780434326127e-03;-2.086973503392812240e-04;4.590055821726688606e-02;-3.552561331875241649e+03;-9.230771605478521451e+02;5.113988218888232368e+05;5.285853637718396203e+04
3.606199991532567893e-03;-4.449034987816011645e-04;8.395900329160084496e-02;-3.148243859298522693e+03;-1.975220262093981489e+02;5.148075669397037709e+05;5.356479705355834449e+04
-3.154805349045191731e-03;8.894993039267038749e-04;3.463043761777759300e-02;3.268801704217611132e+03;-1.091187721031526962e+03;5.104380237178630196e+05;5.265979288754858862e+04
1.474974238753378169e-03;-7.136125038959305941e-04;-7.605826488126377072e-02;-1.673835552944290157e+03;1.911059776268233009e+03;5.003734232030730927e+05;5.060261711153983197e+04
-1.434812703410629376e-03;1.393581812503496848e-03;4.317325325800585450e-02;2.663122196120960439e+02;-1.955051955759568273e+03;5.111818459706634167e+05;5.281175856910507719e+04
-2.627810020989186581e-04;1.035215030918095180e-04;-1.102229632660525413e-02;3.886920266846283312e+02;-3.347337257879777894e+02;5.062946243860069662e+05;5.180603960548286705e+04
1.297527927367094934e-03;3.073347383378971509e-03;1.082507225428505360e-01;-1.593793095017407950e+03;-4.647775503141825538e+03;5.162611264575409587e+05;5.387056134686702717e+04
-9.480522599244867827e-04;1.449967902382558356e-03;-3.200618765050247672e-02;2.690373552506244437e+02;-1.968552016478083999e+02;5.047286054168185219e+05;5.148602252573236910e+04
2.818618327389989416e-03;-1.772489850612496160e-03;4.198914963110865484e-02;-2.128358044276274086e+03;1.617642235114157756e+03;5.107159422301869490e+05;5.271619354270560871e+04
4.567164314203164322e-04;2.896428436632027346e-03;-1.243789556010808234e-02;8.170624816288592456e+02;-3.566712098506784969e+03;5.062346026586797088e+05;5.179640981873546843e+04
1.704063058125539340e-03;1.810810880352690640e-03;-3.302070844982423620e-02;-2.969792922731064209e+03;-2.270224346461371169e+03;5.042471204891685629e+05;5.139064107558726391e+04
-1.990487596826192619e-03;1.980903205510331846e-03;1.141836440749603582e-01;2.657242423135551235e+03;-6.020295881904461339e+02;5.173969830715781427e+05;5.410446934892327408e+04
1.207532802031248149e-03;9.815599642688855632e-04;2.892505144012397222e-02;-2.293190816786561754e+03;3.760077936860881778e+02;5.100070494406871148e+05;5.256960203958318016e+04
-8.970349218680664797e-04;-2.337762408118512249e-03;1.170477719455436522e-01;-4.986631218034951303e+02;3.614464301510412952e+03;5.174225937318196520e+05;5.411101588832547714e+04
-3.352172280229559985e-04;1.572251768719866178e-03;2.967865567997032480e-02;-1.358492558946986719e+03;-7.257042962205368895e+02;5.096080409809625708e+05;5.248676739109208575e+04
-5.807351267439005062e-04;-6.363184267880716552e-04;-5.742604574883568985e-02;-1.062840644884179255e+03;-7.004917483032917858e+01;5.024621762489837711e+05;5.102488288277634274e+04
1.668824651920487604e-03;5.739652450030242002e-05;3.431683019032281262e-02;-4.720887378487023511e+02;3.558335441922585233e+03;5.103461365062383120e+05;5.264104010082772584e+04
1.294784168947553642e-03;1.066426225242817763e-03;6.334314785013696325e-02;-6.862381503284995006e+02;8.558127942221851470e+01;5.126205122912838706e+05;5.310874831024613377e+04
1.318474419351400211e-03;1.213990701637684229e-03;1.450548561983068703e-02;-1.964386714950846454e+03;-2.329645274428500556e+02;5.084336392159668030e+05;5.224544619636560674e+04
4.909709608361105364e-03;1.308747261445894310e-03;-3.725272640191887308e-02;-3.898049332398745264e+03;-4.240676538794740509e+02;5.037193312372262590e+05;5.128340653667772131e+04
1.248956004966950747e-03;-9.741478680944127286e-04;-5.715619525885116264e-02;5.201597642372481012e+00;1.525578761395772062e+03;5.024188769439548487e+05;5.101633032343079685e+04
3.245329196658306315e-03;-7.780972522961126592e-04;1.308168416555049313e-02;-3.301916782603361298e+03;6.916141886624934614e+02;5.081349343300376204e+05;5.218558601997255755e+04
7.444321818529933341e-04;8.902804842561451871e-04;1.397432756167186485e-01;3.322616883512917525e+02;-3.091317250010190946e+03;5.192803603046182543e+05;5.449952013686642749e+04
-5.395476124843821657e-03;-7.193658237273056798e-04;4.205193872330315746e-02;4.654761103372007710e+03;-1.291711995262158155e+02;5.109000668220077641e+05;5.275714803845361894e+04
2.196206565312736319e-03;-3.137826714161814131e-04;6.199450983741599391e-02;-3.480401116937229290e+03;1.404343604234192526e+03;5.126138773839003989e+05;5.311012358062104613e+04
-3.685787256712990106e-03;-1.111310346314925640e-03;3.611679186994563081e-03;3.415001877209983832e+03;1.378606173710413486e+03;5.075459707255268004e+05;5.206512898604245856e+04
1.886624228148610404e-03;-1.503444652414149282e-04;-1.683965335031258059e-02;-1.871045447015979335e+03;3.216051292439825033e+02;5.058240679867829895e+05;5.171046137430017552e+04
6.193401271536069959e-03;-2.621765809121343570e-03;-5.675077004230642819e-02;-7.177666443424596764e+03;3.620146423520172902e+03;5.020387693967023515e+05;5.095175732311562024e+04
-2.257439819483114153e-03;3.569663068181277185e-04;-4.230644521194281554e-02;2.395944167991475751e+03;-8.688742022571281041e+02;5.035596285940424423e+05;5.124910067202739447e+04
-9.253210262771270666e-04;-3.821975711392919207e-04;2.470956628345870321e-02;8.613788882677570768e+01;-2.754532272212691169e+02;5.091968342754660407e+05;5.240163578917820269e+04
-4.295322209442020006e-04;1.630302841853986835e-03;-8.562883988240201083e-02;1.689563520389753194e+03;-1.375239119956613422e+03;4.997520353903163341e+05;5.047667166858410201e+04
3.546138870063657300e-03;1.572173849841532276e-03;3.016440800109537398e-02;-3.429131371737239078e+03;-1.436864395974587751e+03;5.098704488059625146e+05;5.254314823920550407e+04
1.554494303154425622e-03;-2.180114296826332534e-03;-2.736579128431022270e-04;-1.249825742540407418e+03;5.808033556208420123e+03;5.070790398584098439e+05;5.197377281401037908e+04
-1.380254451153074130e-05;3.222750821165224714e-03;8.062776441921354342e-02;-1.404647778289695452e+02;-4.653774588679274530e+03;5.142442535724798217e+05;5.345001215398794739e+04
2.572422471241062655e-03;-3.773907079293860279e-04;9.459120959823512018e-03;-2.510142483807133885e+03;1.545955373447767897e+03;5.080029258087853086e+05;5.215793242363986064e+04
1.743897665202204629e-03;2.939217533418271838e-03;-5.752429130938793017e-02;-1.795958786000062673e+03;-4.059124488060970180e+03;5.019093883287190110e+05;5.091642678736145899e+04
6.994279439368563831e-04;2.521724793010814928e-03;5.565057316830381018e-02;-2.152463274668003521e+02;-2.625981916124664167e+03;5.121042380681968061e+05;5.300313417803174525e+04
1.545131392163591466e-03;1.903490576268473077e-04;-4.914348892154395132e-02;-1.744723602254778143e+03;3.318087711840563315e+03;5.030416216365293367e+05;5.114524623952952970e+04
-3.013331858269668179e-03;-5.813178400614553258e-04;-4.225826854197662491e-02;2.646535993132275507e+03;-1.003222786441614289e+03;5.030883439120193943e+05;5.115352550532834721e+04
1.383829695797274880e-03;-9.898420732949917127e-04;-2.937699448998848731e-02;-7.037652095945663859e+02;3.082264896603360285e+03;5.047443220619254862e+05;5.149122669211535685e+04
-5.877226683770521041e-04;1.514111406048978137e-03;-4.005929749269745294e-02;5.845315925776487802e+02;-7.039403065054250419e+02;5.035931841481045703e+05;5.125478730980116234e+04
-1.263606996554057825e-03;-2.020569501094702895e-03;-3.034622177396441647e-02;2.263940639859750661e+02;1.889222261315052492e+03;5.047831173665839015e+05;5.149785359675996006e+04
-3.536105857909621489e-04;1.547065224386002266e-04;-9.431176208079239398e-02;1.279402709176468989e+03;-8.044014583249304451e+02;4.989879381002652808e+05;5.032194212520703149e+04
-2.473678158148462630e-03;2.560243677572998601e-04;7.741899346453474939e-02;1.160100516423132831e+03;-1.025976715548825808e+02;5.139689762911369326e+05;5.338870115337974858e+04
-1.246318332350491477e-03;8.528878709112701654e-04;-3.823522685370214780e-02;4.653443637159563195e+02;-1.709757155859177146e+03;5.039930400254019769e+05;5.133667790879646054e+04
8.157913907160868269e-04;-9.866878430154562511e-04;-1.123782276483054482e-01;-7.006735344250179196e+02;1.717672403109354946e+03;4.972883970921866712e+05;4.997997228096656909e+04
4.255824308328947508e-03;1.368533633914101289e-04;5.923936149639225796e-02;-3.112852262726246408e+03;-5.944818758033919721e+02;5.122551552504257997e+05;5.303500476626525779e+04
7.758449869853981757e-04;-1.289361192023047355e-03;-3.871496533218666408e-02;-1.713659773228833672e+02;-2.976807729645657332e+02;5.036901810898214462e+05;5.127438812793495163e+04
-8.531546930373557587e-04;-1.035643433153088204e-03;6.064008773207858055e-02;1.817514291593855660e+03;4.990019044990596626e+02;5.123432385557470261e+05;5.305193275657697814e+04
-4.154150493345045922e-03;-1.276521818537539694e-03;-7.129182678851365973e-02;2.783653125647262186e+03;2.975334251367125376e+02;5.010193199850781821e+05;5.073361634607997985e+04
-1.356051476691469545e-03;-1.258879476131517534e-03;1.891811236395727833e-02;-3.505848407469961785e+02;2.685992438820730513e+03;5.090546708807878313e+05;5.237384579899755772e+04
1.771349501786656684e-03;2.154166468448188987e-03;-4.053188985683701950e-02;-1.167887816432227964e+03;-3.418550602537236045e+03;5.034830385782766971e+05;5.123483734484847810e+04
-1.679775449295370978e-03;2.403319341874700539e-03;-4.926625995421554660e-02;2.528957236347684557e+03;-1.673861963709879774e+03;5.029629605100137414e+05;5.112827163100860344e+04
1.327574766925174827e-03;-1.363312615727759131e-03;1.202555931085618618e-01;-1.071107255726394442e+03;1.437154301901945018e+03;5.174042215625726967e+05;5.410513218809485261e+04
5.844962900409465508e-04;-4.087404384550119823e-04;-1.603988596926455082e-02;3.744445187942361599e+02;7.722555447179240673e+02;5.059378719159453758e+05;5.173315248335862270e+04
-4.588749504276618332e-03;-1.586782780056979637e-03;1.633410069395846778e-02;4.090799930868444790e+03;3.445585897841966016e+03;5.084419883703030646e+05;5.225215272422437556e+04
-1.050738897173865080e-02;-1.633331003743176361e-03;-1.481448171982229466e-02;9.962584749962470596e+03;1.440151912310484249e+03;5.054828404172097216e+05;5.166046852486537682e+04
1.465758863663186055e-03;2.829175129045399546e-04;-3.330553269193352317e-02;-9.630884794413818781e+02;2.519063585993587822e+03;5.042901600480431807e+05;5.139805960547840368e+04
-1.713702395745907939e-03;-1.036153086452445190e-03;9.114853913603455709e-04;2.024350154731886960e+03;1.896082338903892833e+03;5.071868331047327374e+05;5.199029047374270885e+04
2.791876891888298885e-03;-9.904362653463372711e-04;-4.884886563529005493e-02;-1.556507802555587432e+03;5.237193233196601341e+02;5.024894598826931906e+05;5.103074007644407538e+04
8.613389451481742558e-04;-1.129810085576089590e-03;4.965201877472423531e-02;3.234530769604743341e+02;5.794802706773634782e+02;5.116767601175829768e+05;5.291337092626211233e+04
-4.622011615713949098e-03;-4.006408735742335802e-04;3.976877886652818717e-02;3.451873877092069961e+03;2.694622091194293603e+02;5.109842634193226695e+05;5.277257735714151204e+04
2.173862446361272960e-03;1.616646076555969475e-03;-2.579316430003378638e-02;-2.834578763877738766e+03;-1.976454699535160898e+03;5.048234673922831425e+05;5.150776846864970867e+04
-6.147917104767906295e-04;2.153981931279689774e-03;-6.610100766334459088e-02;6.037008453874643692e+02;-3.779263004465899485e+03;5.014077389875932131e+05;5.081368394774778426e+04
-1.206564285681302213e-03;3.266762094413994295e-03;-3.542738518465664982e-02;5.178681661763654347e+02;-3.164006207103016095e+03;5.040101838204584783e+05;5.134161333270763134e+04
-2.818679297575919784e-04;-2.402800297575550213e-03;3.321829033252935576e-02;1.324187032355240945e+03;5.632129496403154008e+03;5.102485399136340129e+05;5.262507054248548957e+04
3.650911595373354957e-03;-2.470510640171110113e-03;-7.617429510804124039e-03;-3.638296993794516311e+03;5.354736174691592169e+03;5.063905135207585990e+05;5.183408199399345176e+04
-7.364989500806910219e-04;-1.177126530406568186e-03;4.919464200992113706e-02;5.964563597166815043e+02;1.623013609654776928e+03;5.116525486014035996e+05;5.290887880947480880e+04
1.681392946211096541e-03;1.383854317768368810e-03;-1.049711669497614547e-01;-2.735424054823809570e+02;-2.164525995089511525e+03;4.978233567862022319e+05;5.008782737986170105e+04
-3.026154775097637199e-03;4.325085377140624717e-04;-4.142983002461603920e-02;3.487573721580258280e+03;-1.285791350035831556e+03;5.030213259049556800e+05;5.114107157034029660e+04
3.547612449250467891e-03;-1.239806644824269699e-03;7.840951494282268064e-02;-1.724150553580070664e+03;2.168109160736270042e+03;5.141776862808846054e+05;5.343334606875869940e+04
-1.333208266828684371e-03;2.133044210174665171e-03;-9.553085769127341031e-02;8.096514410580227832e+02;-3.969482851287586072e+03;4.988348894047638751e+05;5.029393322368640656e+04
6.731394385324044076e-04;8.801448332902259055e-04;-3.467440935049777295e-02;-1.017454556213574392e+03;-1.889393413757037479e+03;5.042614592941671144e+05;5.139167023398829042e+04
-5.769215339339063206e-03;2.469410011012326475e-03;-6.149679268112230590e-02;5.585135647490050360e+03;-2.617477330573372456e+03;5.015959843370039016e+05;5.085657196296935581e+04
-1.476864700723883039e-03;-3.714936059403769943e-03;-3.992759447181874061e-02;-2.280925049244464731e+02;5.151800613092625099e+03;5.036391731772355852e+05;5.126935440836620546e+04
-2.685127402499025255e-03;-5.890693388396785451e-04;1.693093673416562125e-02;1.756066702036649531e+03;1.995092086033355827e+03;5.087201325372800929e+05;5.230497749711960932e+04
3.564892056472690734e-03;1.636351373785326340e-03;9.277182740251528614e-03;-2.950867478898435820e+03;-2.705360380884495498e+03;5.078925879027667106e+05;5.213676089809475525e+04
2.957931590763150653e-03;-1.552225312850044224e-03;1.222413445772897386e-02;-2.203047541875221668e+03;4.072927350634023696e+03;5.081088778651796165e+05;5.218226777749750909e+04
-4.213077082330570280e-03;-3.330695945650107969e-03;-8.973144429540987066e-02;2.615112002345917972e+03;4.345670647306011233e+03;4.994703541349130683e+05;5.042402691042811057e+04
-5.639622880759103405e-04;1.284109444229770015e-03;2.079348070856328057e-02;-6.648300950648812204e+02;-1.814563405638680024e+03;5.093766920995523105e+05;5.243939873512674239e+04
7.651552971865335220e-04;-5.612739122963727144e-04;-7.832933471484278265e-02;-4.919302245055786216e+01;1.109058669721008300e+03;5.004624209335092455e+05;5.061956360611926357e+04
4.953723386204274444e-03;2.366893149510666339e-04;2.813996770369528444e-02;-3.388848771382305586e+03;-9.265624781046856242e+02;5.097426945517743006e+05;5.251652302988111478e+04
1.671813952087936126e-04;1.195867465748524797e-03;-3.687251238033754930e-02;-1.058911229262347206e+03;-1.423444374357758079e+03;5.042976315602574614e+05;5.139874876588951156e+04
8.694338059681383339e-04;5.262680340209382850e-03;7.575971818371982948e-03;-2.421708069714613885e+02;-7.117744601797325231e+03;5.077507434587466414e+05;5.211465706232609227e+04
3.884170081651426229e-03;-2.891463988967228897e-04;-1.375151972242490972e-01;-3.628840814653704001e+03;-1.389292356423040246e+03;4.953660707533131936e+05;4.959667363941025542e+04
4.618200735153094039e-03;-1.878944250347693978e-03;-2.118583117281971559e-02;-3.493037284635426204e+03;1.455584195924520600e+03;5.052005748830933007e+05;5.158522786836722662e+04
-6.589201530350653193e-04;-9.103588473968360784e-04;-3.189459903185262041e-02;2.922673972994786595e+02;1.128979773024312635e+03;5.046822349653214915e+05;5.147681511481028429e+04
-3.651204937147119797e-03;-3.500378596206204368e-04;-4.748492102770967421e-02;2.475028722911486966e+03;1.789947225683095894e+03;5.032449986335946014e+05;5.118565303955644777e+04
2.280043591615606158e-03;-2.339163736349002178e-03;-5.938263924009383812e-03;-7.923925847541507892e+02;3.557537135615762509e+03;5.069474952791627729e+05;5.194236575435430859e+04
1.226492816799925039e-03;3.940719820303702323e-04;3.229429606273829384e-02;-1.592656073619178869e+02;-6.682469168549038159e+02;5.099769288112631184e+05;5.256239690767475986e+04
-9.358968300391886123e-04;2.522198147975615503e-03;2.633729091038289685e-02;3.500136935076314444e+02;-3.646616225405163277e+03;5.094056071189002250e+05;5.244730982261466852e+04
7.792255019364875256e-04;-1.199266453154357185e-03;-1.167235743092536471e-01;-6.855361238715888703e+02;3.117379460782859155e+02;4.966086637929806602e+05;4.984285348031574540e+04
6.797588113182142502e-04;-8.542223726513494160e-04;-1.658248853849991766e-02;-1.283013063655527276e+03;3.497701868353366081e+03;5.055906072229905403e+05;5.166481638525545713e+04
1.312731723062087992e-03;2.363336197435901564e-03;6.988854076145929739e-02;-2.418581351396087030e+03;-3.420689655542551009e+03;5.133210881281829788e+05;5.325746039485789515e+04
-1.907077888236467379e-05;-1.295630249766997972e-03;8.894063962229949161e-02;3.041115675112745862e+02;3.611654173620409438e+03;5.149288718640881125e+05;5.359068611233208503e+04
-3.162164754398617220e-03;4.283904982494920761e-04;-1.370799019215850345e-01;1.595119410259363804e+03;-2.621613980472945059e+03;4.951030436596237123e+05;4.954287343566783966e+04
-2.214931616033556910e-03;-2.146998722003138705e-04;-2.923338353284942251e-02;2.071975355581160784e+03;-2.639059257214099148e+02;5.045162689942180295e+05;5.144357117067716172e+04
4.101067189214929222e-03;-8.931271489494561108e-05;-3.044836202004000750e-02;-3.832003830602792732e+03;6.155839313315662764e+01;5.042700008409291622e+05;5.139544904756655887e+04
-1.905879900111840395e-03;-1.224838684910488362e-03;-1.357432939334808457e-02;2.191143766369840250e+03;1.448883130298089782e+03;5.060305059939571656e+05;5.175334392134366499e+04
-1.395021592364195000e-03;2.375892580661641273e-03;-1.294218912253314591e-01;1.983122274500159619e+03;-3.719585048371860836e+01;4.957958249710738310e+05;4.968050436184924183e+04
-2.478052012117884072e-03;7.063119603887592357e-04;1.962258243790277260e-02;2.327597776545493616e+03;-1.883276920735070803e+02;5.088411208850918338e+05;5.232953346151560254e+04
5.398106736969793956e-03;-2.974739411189315677e-04;6.866541406230139422e-02;-5.809025322664397208e+03;8.911597222008688277e+02;5.133266229367178166e+05;5.326204219413019746e+04
-1.238506139700249311e-03;1.730061169546698698e-03;-8.643698032793424579e-02;7.978885094606830535e+02;-2.287017615614358874e+03;4.995593098373227986e+05;5.043797462154981622e+04
-1.376728644340098227e-03;6.506937594782499692e-04;-4.289694477992510302e-02;1.886299644308933694e+03;2.083036000119344777e+01;5.034106638210293604e+05;5.121819099333669146e+04
1.072574583645159946e-03;-2.964927314298767148e-03;-2.489230462233176996e-02;3.812946544874922097e+02;5.589622327411710103e+03;5.051283454566247528e+05;5.157392903311074770e+04
3.345386432054563240e-03;-1.906490869485212829e-03;8.335488981965549771e-02;-2.536972056310625703e+03;2.040513900948674518e+03;5.143099139821698773e+05;5.346142247223933373e+04
8.819752929441242650e-04;9.334945538018672023e-04;-5.556320005727108380e-02;-1.431604363423967698e+03;5.384543665788274893e+02;5.019806662049759179e+05;5.092737929155534948e+04
-1.982558460069011683e-03;-3.916300259948934828e-04;-1.209749692602108892e-03;1.409934023546272329e+03;-1.616016724310836992e+02;5.070679440448218957e+05;5.196477233235281892e+04
-3.078816883945618369e-03;-4.621822724071024098e-04;5.385291028827182691e-02;2.058524542280432797e+03;6.067637604264733682e+02;5.119311007361973752e+05;5.296682932431538939e+04
-5.768684138754057557e-04;7.243783211392135787e-05;-1.901254176685025082e-02;-1.019995664173737282e+02;-6.207923184519042934e+02;5.056893970049009658e+05;5.168228212400552729e+04
4.693154680485805128e-04;-3.632729378016336455e-03;1.539302780635889989e-01;-7.635888610404799692e+02;5.462530621997168055e+03;5.208125591590175172e+05;5.482579257458312350e+04
3.601596922246157791e-03;1.878032780037691251e-04;2.722495921106352773e-02;-2.969277753614421272e+03;-1.114380760323899722e+03;5.098145639941880363e+05;5.253087047205193812e+04
2.915858527320860493e-03;-2.081272254094087681e-03;6.701156139276373200e-03;-3.540111013019973598e+03;3.373756828608460637e+03;5.076882813589677680e+05;5.209642072602758708e+04
-1.849119932144271689e-03;-1.853713531002234259e-03;2.460630864153431647e-03;2.489967583420202573e+03;3.595429209165518841e+03;5.080770476201161509e+05;5.217526276681771560e+04
-1.616047640470568520e-03;-1.043654325058914227e-03;-9.286509454752472914e-02;1.755992900710574759e+03;-1.522921948191637966e+02;4.989937259231461794e+05;5.032327578684084438e+04
-7.075607081957527821e-03;-1.441703925292829244e-03;-1.416190548855138058e-02;5.809326410320788455e+03;3.370543042815966146e+03;5.061870274040664081e+05;5.179308594581642683e+04
1.501821909565911276e-03;-7.098611892376155939e-04;-3.476772005056428388e-02;-2.184152646551398448e+03;1.130825654869383470e+03;5.042089195153365145e+05;5.138125372243089078e+04
-2.296020268987921959e-03;-3.128511066373720591e-04;1.097197503681984765e-02;2.398516021668130179e+03;-1.196346978062988910e+03;5.079767696506551583e+05;5.215225720374625234e+04
-2.466797915996913910e-03;-1.240473781451610202e-03;-4.502238343151630101e-02;3.053160613944755369e+03;2.613784979208474851e+03;5.035036414033038309e+05;5.123965750388697779e+04
1.589984125499219701e-04;6.440037923627097403e-05;-1.320961959845814715e-01;-7.652057713669902341e+02;-9.506274441045356980e+02;4.954586546869328595e+05;4.961246296940882894e+04
4.175414455243991498e-03;-2.566331809313384142e-04;-3.876828367479313170e-02;-2.306758021003960948e+03;3.597196777829347525e+02;5.038338248007374932e+05;5.130471514416373248e+04
-2.303236864681940371e-03;-1.919787117451319776e-03;-7.456129509342933337e-02;2.599564925480886359e+03;4.503377770457787847e+03;5.006418564614582574e+05;5.066108357671439444e+04
8.584011135731138683e-04;7.449444698529080334e-05;3.847265554746967520e-02;-9.859832897309007649e+02;-1.670025608123515894e+03;5.102489780493705184e+05;5.261915577055582253e+04
7.942167758301534172e-04;-3.251374627141644298e-04;-4.257224876435303923e-02;-1.006371216605660607e+03;-6.652364619782272257e+02;5.035422756533200154e+05;5.124455004475438182e+04
6.712157988158601665e-03;1.630202718420270189e-04;-6.659095409602108773e-02;-6.384136370433399861e+03;3.039323528043937017e+02;5.012404554616715759e+05;5.078508143840082630e+04
1.279844491412529409e-03;-6.694159692902123572e-04;-1.535120850536711157e-01;-9.854356222389544655e+02;1.769512207392494474e+03;4.935036481276294217e+05;4.922223901464565279e+04
